archivo,ruta_relativa,link_relacionado,especie
sin_especie_0001.jpg,imagenes_descargadas/sin_especie_0001.jpg,http://mediaphoto.mnhn.fr/media/1406028295129wA9asl5696jCKsFF,Sin identificar
sin_especie_0002.jpg,imagenes_descargadas/sin_especie_0002.jpg,http://mediaphoto.mnhn.fr/media/1406028294672oRD4u4cqMIgixGAI,Sin identificar
sin_especie_0003.jpg,imagenes_descargadas/sin_especie_0003.jpg,http://mediaphoto.mnhn.fr/media/1406028295730yMZcmEfeAhj5BBz3,Sin identificar
sin_especie_0004.jpg,imagenes_descargadas/sin_especie_0004.jpg,http://mediaphoto.mnhn.fr/media/14060282960870z1lpD8zvEd3aWMs,Sin identificar
sin_especie_0005.jpg,imagenes_descargadas/sin_especie_0005.jpg,http://mediaphoto.mnhn.fr/media/1406028491571vgYXdwIJ2mAZy6Pc,Sin identificar
sin_especie_0006.jpg,imagenes_descargadas/sin_especie_0006.jpg,http://mediaphoto.mnhn.fr/media/1406028491871YyKrQGhwCCdsgLAs,Sin identificar
sin_especie_0007.jpg,imagenes_descargadas/sin_especie_0007.jpg,http://mediaphoto.mnhn.fr/media/1406028492867OZDhLDluKJfdQjm0,Sin identificar
sin_especie_0008.jpg,imagenes_descargadas/sin_especie_0008.jpg,http://mediaphoto.mnhn.fr/media/1406028492184mtN2I2V0gfrqYQAA,Sin identificar
sin_especie_0009.jpg,imagenes_descargadas/sin_especie_0009.jpg,http://mediaphoto.mnhn.fr/media/1406028350828F50bqNsqYB0Wi2RV,Sin identificar
sin_especie_0010.jpg,imagenes_descargadas/sin_especie_0010.jpg,http://mediaphoto.mnhn.fr/media/1406028351189GAJn5Yw5L6fb0apZ,Sin identificar
sin_especie_0011.jpg,imagenes_descargadas/sin_especie_0011.jpg,http://mediaphoto.mnhn.fr/media/1406028350015JNN8GZeAKJcZPobb,Sin identificar
sin_especie_0012.jpg,imagenes_descargadas/sin_especie_0012.jpg,http://mediaphoto.mnhn.fr/media/1406028350397qLZdFCYyJiTOWhEw,Sin identificar
sin_especie_0013.jpg,imagenes_descargadas/sin_especie_0013.jpg,http://mediaphoto.mnhn.fr/media/1406028301987YGUnfahOWyDBxseM,Sin identificar
sin_especie_0014.jpg,imagenes_descargadas/sin_especie_0014.jpg,http://mediaphoto.mnhn.fr/media/1406028301653pMk2JCBHLfMeMAjk,Sin identificar
sin_especie_0015.jpg,imagenes_descargadas/sin_especie_0015.jpg,http://mediaphoto.mnhn.fr/media/1406028302317APRJMdd0rPWMhG5X,Sin identificar
sin_especie_0016.jpg,imagenes_descargadas/sin_especie_0016.jpg,http://mediaphoto.mnhn.fr/media/1406028302676GZRqvM7JiMkQFjdf,Sin identificar
sin_especie_0017.jpg,imagenes_descargadas/sin_especie_0017.jpg,https://inaturalist-open-data.s3.amazonaws.com/photos/549307733/original.jpg,Sin identificar
sin_especie_0018.jpg,imagenes_descargadas/sin_especie_0018.jpg,https://inaturalist-open-data.s3.amazonaws.com/photos/247288674/original.jpg,Sin identificar
sin_especie_0019.jpg,imagenes_descargadas/sin_especie_0019.jpg,https://inaturalist-open-data.s3.amazonaws.com/photos/458036394/original.jpg,Sin identificar
sin_especie_0020.jpeg,imagenes_descargadas/sin_especie_0020.jpeg,https://inaturalist-open-data.s3.amazonaws.com/photos/458036408/original.jpg,Sin identificar
sin_especie_0021.jpeg,imagenes_descargadas/sin_especie_0021.jpeg,https://inaturalist-open-data.s3.amazonaws.com/photos/458036396/original.jpg,Sin identificar
sin_especie_0022.jpeg,imagenes_descargadas/sin_especie_0022.jpeg,http://www.boldsystems.org/pics/FSWPU/RME_B3-1b+1510856815.jpg,Sin identificar
sin_especie_0023.jpeg,imagenes_descargadas/sin_especie_0023.jpeg,http://www.boldsystems.org/pics/FSWPU/RME_B3-1c+1510856872.jpg,Sin identificar
sin_especie_0024.jpeg,imagenes_descargadas/sin_especie_0024.jpeg,http://www.boldsystems.org/pics/FSWPU/RME_B3-1a+1510856770.jpg,Sin identificar
sin_especie_0025.jpeg,imagenes_descargadas/sin_especie_0025.jpeg,http://www.boldsystems.org/pics/FSWPU/PMNF_B2-3a+1511304521.jpg,Sin identificar
sin_especie_0026.jpeg,imagenes_descargadas/sin_especie_0026.jpeg,http://www.boldsystems.org/pics/FSWPU/PMNF_B2-3b+1511304575.jpg,Sin identificar
sin_especie_0027.jpeg,imagenes_descargadas/sin_especie_0027.jpeg,http://www.boldsystems.org/pics/FSWPU/PMFF_B2-1a+1510781924.jpg,Sin identificar
sin_especie_0028.jpeg,imagenes_descargadas/sin_especie_0028.jpeg,http://www.boldsystems.org/pics/FSWPU/PMFF_B2-1c+1510782023.jpg,Sin identificar
sin_especie_0029.jpeg,imagenes_descargadas/sin_especie_0029.jpeg,http://www.boldsystems.org/pics/FSWPU/PMFF_B2-1b+1510781978.jpg,Sin identificar
sin_especie_0030.jpeg,imagenes_descargadas/sin_especie_0030.jpeg,http://www.boldsystems.org/pics/FSWPU/RME_B3-2a+1510857588.jpg,Sin identificar
sin_especie_0031.jpeg,imagenes_descargadas/sin_especie_0031.jpeg,http://www.boldsystems.org/pics/FSWPU/RME_B3-2c+1510857679.jpg,Sin identificar
sin_especie_0032.jpeg,imagenes_descargadas/sin_especie_0032.jpeg,http://www.boldsystems.org/pics/FSWPU/RME_B3-2b+1510857634.jpg,Sin identificar
sin_especie_0033.jpeg,imagenes_descargadas/sin_especie_0033.jpeg,http://www.boldsystems.org/pics/FSWPU/PMFF_B3-1c+1510783581.jpg,Sin identificar
sin_especie_0034.jpeg,imagenes_descargadas/sin_especie_0034.jpeg,http://www.boldsystems.org/pics/FSWPU/PMFF_B3-1b+1510783524.jpg,Sin identificar
sin_especie_0035.jpeg,imagenes_descargadas/sin_especie_0035.jpeg,http://www.boldsystems.org/pics/FSWPU/PMFF_B3-1a+1510783469.jpg,Sin identificar
sin_especie_0036.jpg,imagenes_descargadas/sin_especie_0036.jpg,http://www.boldsystems.org/pics/FSWPU/PMFF_B1-1b+1510780058.jpg,Sin identificar
sin_especie_0037.jpg,imagenes_descargadas/sin_especie_0037.jpg,http://www.boldsystems.org/pics/FSWPU/PMFF_B1-1c+1510780126.jpg,Sin identificar
sin_especie_0038.jpg,imagenes_descargadas/sin_especie_0038.jpg,http://www.boldsystems.org/pics/FSWPU/PMFF_B1-1a+1510779972.jpg,Sin identificar
sin_especie_0039.jpg,imagenes_descargadas/sin_especie_0039.jpg,http://www.boldsystems.org/pics/FSWPU/PMFF_B2-2b+1510782912.jpg,Sin identificar
sin_especie_0040.jpg,imagenes_descargadas/sin_especie_0040.jpg,http://www.boldsystems.org/pics/FSWPU/PMFF_B2-2a+1510782859.jpg,Sin identificar
sin_especie_0041.jpg,imagenes_descargadas/sin_especie_0041.jpg,http://www.boldsystems.org/pics/FSWPU/PMFF_B2-2c+1510782994.jpg,Sin identificar
sin_especie_0042.jpg,imagenes_descargadas/sin_especie_0042.jpg,http://www.boldsystems.org/pics/FSWPU/PMFF_B3-4a+1510855773.jpg,Sin identificar
sin_especie_0043.jpg,imagenes_descargadas/sin_especie_0043.jpg,http://www.boldsystems.org/pics/FSWPU/PMFF_B3-4b+1510856221.jpg,Sin identificar
sin_especie_0044.jpg,imagenes_descargadas/sin_especie_0044.jpg,http://www.boldsystems.org/pics/FSWPU/PMFF_B3-4c+1510856269.jpg,Sin identificar
sin_especie_0045.jpg,imagenes_descargadas/sin_especie_0045.jpg,http://www.boldsystems.org/pics/FSWPU/PMNF_B2-1c+1511302546.jpg,Sin identificar
sin_especie_0046.jpg,imagenes_descargadas/sin_especie_0046.jpg,http://www.boldsystems.org/pics/FSWPU/PMNF_B2-1a+1511302421.jpg,Sin identificar
sin_especie_0047.jpg,imagenes_descargadas/sin_especie_0047.jpg,http://www.boldsystems.org/pics/FSWPU/PMNF_B2-1b+1511302477.jpg,Sin identificar
sin_especie_0048.jpg,imagenes_descargadas/sin_especie_0048.jpg,http://www.boldsystems.org/pics/FSWPU/PMFF_B3-2b+1510784270.jpg,Sin identificar
sin_especie_0049.jpg,imagenes_descargadas/sin_especie_0049.jpg,http://www.boldsystems.org/pics/FSWPU/PMFF_B3-2a+1510784159.jpg,Sin identificar
sin_especie_0050.jpg,imagenes_descargadas/sin_especie_0050.jpg,http://www.boldsystems.org/pics/FSWPU/PMFF_B3-3a+1510785067.jpg,Sin identificar
sin_especie_0051.jpg,imagenes_descargadas/sin_especie_0051.jpg,http://www.boldsystems.org/pics/FSWPU/PMFF_B3-3c+1510785202.jpg,Sin identificar
sin_especie_0052.jpg,imagenes_descargadas/sin_especie_0052.jpg,http://www.boldsystems.org/pics/FSWPU/PMFF_B3-3b+1510785152.jpg,Sin identificar
sin_especie_0053.jpg,imagenes_descargadas/sin_especie_0053.jpg,http://www.boldsystems.org/pics/FSWPU/PMFF_B1-3b+1510780925.jpg,Sin identificar
sin_especie_0054.jpg,imagenes_descargadas/sin_especie_0054.jpg,http://www.boldsystems.org/pics/FSWPU/PMFF_B1-3a+1510780871.jpg,Sin identificar
sin_especie_0055.jpg,imagenes_descargadas/sin_especie_0055.jpg,http://www.boldsystems.org/pics/FSWPU/PMNF_B2-2b+1511303829.jpg,Sin identificar
sin_especie_0056.jpg,imagenes_descargadas/sin_especie_0056.jpg,http://www.boldsystems.org/pics/FSWPU/PMNF_B2-2c+1511303875.jpg,Sin identificar
sin_especie_0057.jpg,imagenes_descargadas/sin_especie_0057.jpg,http://www.boldsystems.org/pics/FSWPU/PMNF_B2-2a+1511303781.jpg,Sin identificar
sin_especie_0058.jpg,imagenes_descargadas/sin_especie_0058.jpg,https://ibss-images.calacademy.org/static/ichthyology/originals/dc/7d/dc7db9f8-24e2-4ed7-825e-dccaba36bb4f.jpg,Sin identificar
sin_especie_0059.jpg,imagenes_descargadas/sin_especie_0059.jpg,https://ibss-images.calacademy.org/static/ichthyology/originals/20/7f/207fdf89-eb6a-4b59-889b-4aa88c33d956.jpg,Sin identificar
sin_especie_0060.jpg,imagenes_descargadas/sin_especie_0060.jpg,https://ibss-images.calacademy.org/static/ichthyology/originals/ac/18/ac18f75e-7e77-44fc-a2b2-e0a171f9909f.jpg,Sin identificar
sin_especie_0061.jpg,imagenes_descargadas/sin_especie_0061.jpg,https://ibss-images.calacademy.org/static/ichthyology/originals/fe/b9/feb91a05-5c6e-4c59-bdb0-137f34c7afed.jpg,Sin identificar
sin_especie_0062.jpg,imagenes_descargadas/sin_especie_0062.jpg,https://ibss-images.calacademy.org/static/ichthyology/originals/97/54/9754745a-a50e-4389-b659-b36e79254e24.jpg,Sin identificar
sin_especie_0063.jpg,imagenes_descargadas/sin_especie_0063.jpg,https://ibss-images.calacademy.org/static/ichthyology/originals/e9/9c/e99c9bc1-4c9f-408b-b411-62a543806cdb.jpg,Sin identificar
sin_especie_0064.jpg,imagenes_descargadas/sin_especie_0064.jpg,https://ibss-images.calacademy.org/static/ichthyology/originals/32/10/3210544c-82b6-4baa-aebf-a986d895ba7b.jpg,Sin identificar
sin_especie_0065.jpg,imagenes_descargadas/sin_especie_0065.jpg,https://ibss-images.calacademy.org/static/ichthyology/originals/02/b0/02b0755e-00c2-4a68-a904-a7d2e5c284ed.jpg,Sin identificar
sin_especie_0066.jpg,imagenes_descargadas/sin_especie_0066.jpg,https://ibss-images.calacademy.org/static/ichthyology/originals/ac/a5/aca5b286-f69b-43c3-ba10-fc5c56f02c56.jpg,Sin identificar
sin_especie_0067.jpg,imagenes_descargadas/sin_especie_0067.jpg,https://ibss-images.calacademy.org/static/ichthyology/originals/05/b1/05b1530f-a1ca-4f60-94ec-db0ad5965c30.jpg,Sin identificar
sin_especie_0068.jpg,imagenes_descargadas/sin_especie_0068.jpg,https://ibss-images.calacademy.org/static/ichthyology/originals/69/c1/69c1a431-7a43-454f-838e-415df6800d23.jpg,Sin identificar
sin_especie_0069.jpg,imagenes_descargadas/sin_especie_0069.jpg,https://ibss-images.calacademy.org/static/ichthyology/originals/04/49/044945dc-0584-4517-8213-2f448d47dee3.jpg,Sin identificar
sin_especie_0070.jpg,imagenes_descargadas/sin_especie_0070.jpg,https://ibss-images.calacademy.org/static/ichthyology/originals/ae/c3/aec3da81-0f4c-4128-9458-d62593edea19.jpg,Sin identificar
sin_especie_0071.jpg,imagenes_descargadas/sin_especie_0071.jpg,https://ibss-images.calacademy.org/static/ichthyology/originals/4a/16/4a16b878-66bf-4ce1-a0c7-dcf59b0b90c5.jpg,Sin identificar
sin_especie_0072.jpg,imagenes_descargadas/sin_especie_0072.jpg,https://ibss-images.calacademy.org/static/ichthyology/originals/23/c4/23c4c936-330c-4bb3-9e5b-4de7d008c79a.jpg,Sin identificar
sin_especie_0073.jpg,imagenes_descargadas/sin_especie_0073.jpg,https://ibss-images.calacademy.org/static/ichthyology/originals/31/59/3159e384-1adc-4313-ae5d-4ae041f1b6ad.jpg,Sin identificar
sin_especie_0074.jpg,imagenes_descargadas/sin_especie_0074.jpg,https://ibss-images.calacademy.org/static/ichthyology/originals/bf/4f/bf4fa9cd-8f95-4a3e-8d71-3594ead63e12.jpg,Sin identificar
sin_especie_0075.jpg,imagenes_descargadas/sin_especie_0075.jpg,https://open.library.ubc.ca/img/thumbnails/cdm/fisheries/500/1.0201577.jpg,Sin identificar
sin_especie_0076.jpg,imagenes_descargadas/sin_especie_0076.jpg,https://open.library.ubc.ca/img/thumbnails/cdm/fisheries/500/1.0201630.jpg,Sin identificar
sin_especie_0077.jpg,imagenes_descargadas/sin_especie_0077.jpg,https://open.library.ubc.ca/img/thumbnails/cdm/fisheries/500/1.0201572.jpg,Sin identificar
sin_especie_0078.jpg,imagenes_descargadas/sin_especie_0078.jpg,https://open.library.ubc.ca/img/thumbnails/cdm/fisheries/500/1.0201566.jpg,Sin identificar
sin_especie_0079.jpg,imagenes_descargadas/sin_especie_0079.jpg,https://open.library.ubc.ca/img/thumbnails/cdm/fisheries/500/1.0201605.jpg,Sin identificar
sin_especie_0080.jpg,imagenes_descargadas/sin_especie_0080.jpg,https://open.library.ubc.ca/img/thumbnails/cdm/fisheries/500/1.0201626.jpg,Sin identificar
sin_especie_0081.jpg,imagenes_descargadas/sin_especie_0081.jpg,https://inaturalist-open-data.s3.amazonaws.com/photos/65538490/original.jpeg,Sin identificar
sin_especie_0082.jpg,imagenes_descargadas/sin_especie_0082.jpg,https://inaturalist-open-data.s3.amazonaws.com/photos/220796942/original.jpeg,Sin identificar
sin_especie_0083.jpg,imagenes_descargadas/sin_especie_0083.jpg,https://inaturalist-open-data.s3.amazonaws.com/photos/220796817/original.jpeg,Sin identificar
sin_especie_0084.jpg,imagenes_descargadas/sin_especie_0084.jpg,https://inaturalist-open-data.s3.amazonaws.com/photos/220796914/original.jpeg,Sin identificar
sin_especie_0085.jpg,imagenes_descargadas/sin_especie_0085.jpg,https://inaturalist-open-data.s3.amazonaws.com/photos/220797128/original.jpeg,Sin identificar
sin_especie_0086.jpg,imagenes_descargadas/sin_especie_0086.jpg,https://inaturalist-open-data.s3.amazonaws.com/photos/220796990/original.jpeg,Sin identificar
sin_especie_0087.jpg,imagenes_descargadas/sin_especie_0087.jpg,https://inaturalist-open-data.s3.amazonaws.com/photos/220796964/original.jpeg,Sin identificar
sin_especie_0088.jpg,imagenes_descargadas/sin_especie_0088.jpg,https://inaturalist-open-data.s3.amazonaws.com/photos/220797155/original.jpeg,Sin identificar
sin_especie_0089.jpg,imagenes_descargadas/sin_especie_0089.jpg,https://inaturalist-open-data.s3.amazonaws.com/photos/220796843/original.jpeg,Sin identificar
sin_especie_0090.jpg,imagenes_descargadas/sin_especie_0090.jpg,https://inaturalist-open-data.s3.amazonaws.com/photos/220797045/original.jpeg,Sin identificar
sin_especie_0091.jpg,imagenes_descargadas/sin_especie_0091.jpg,https://inaturalist-open-data.s3.amazonaws.com/photos/220796790/original.jpeg,Sin identificar
sin_especie_0092.jpg,imagenes_descargadas/sin_especie_0092.jpg,https://inaturalist-open-data.s3.amazonaws.com/photos/220797018/original.jpeg,Sin identificar
sin_especie_0093.jpg,imagenes_descargadas/sin_especie_0093.jpg,https://inaturalist-open-data.s3.amazonaws.com/photos/220797099/original.jpeg,Sin identificar
sin_especie_0094.jpg,imagenes_descargadas/sin_especie_0094.jpg,https://inaturalist-open-data.s3.amazonaws.com/photos/220796884/original.jpeg,Sin identificar
sin_especie_0095.jpg,imagenes_descargadas/sin_especie_0095.jpg,https://inaturalist-open-data.s3.amazonaws.com/photos/220797070/original.jpeg,Sin identificar
sin_especie_0096.jpg,imagenes_descargadas/sin_especie_0096.jpg,https://inaturalist-open-data.s3.amazonaws.com/photos/220796859/original.jpeg,Sin identificar
sin_especie_0097.jpg,imagenes_descargadas/sin_especie_0097.jpg,https://ibss-images.calacademy.org/static/ichthyology/originals/14/d8/14d81c83-483a-459a-9b58-b6c87c033bc0.jpg,Sin identificar
sin_especie_0098.jpg,imagenes_descargadas/sin_especie_0098.jpg,https://ibss-images.calacademy.org/static/ichthyology/originals/95/0f/950fabe5-70c5-4073-855a-b59b5efb0e8e.jpg,Sin identificar
sin_especie_0099.jpg,imagenes_descargadas/sin_especie_0099.jpg,https://inaturalist-open-data.s3.amazonaws.com/photos/121438578/original.jpg,Sin identificar
sin_especie_0100.jpg,imagenes_descargadas/sin_especie_0100.jpg,https://inaturalist-open-data.s3.amazonaws.com/photos/121438629/original.jpg,Sin identificar
sin_especie_0101.jpg,imagenes_descargadas/sin_especie_0101.jpg,http://pictures.snsb.info/ZSMpiscescoll/web/ZSM-PIS-0078/ZSM-PIS-007856_20470207_115904.jpg,Sin identificar
sin_especie_0102.jpg,imagenes_descargadas/sin_especie_0102.jpg,http://pictures.snsb.info/ZSMpiscescoll/web/ZSM-PIS-0078/ZSM-PIS-007856_20470207_115801.jpg,Sin identificar
sin_especie_0103.jpg,imagenes_descargadas/sin_especie_0103.jpg,http://pictures.snsb.info/ZSMpiscescoll/web/ZSM-PIS-0078/ZSM-PIS-007856_20470207_115358.jpg,Sin identificar
sin_especie_0104.jpg,imagenes_descargadas/sin_especie_0104.jpg,http://pictures.snsb.info/ZSMpiscescoll/web/ZSM-PIS-0078/ZSM-PIS-007856_20470207_120028.jpg,Sin identificar
sin_especie_0105.jpg,imagenes_descargadas/sin_especie_0105.jpg,https://data.nhm.ac.uk/media/98fc7588-3cf3-41a3-ac30-847815969439,Sin identificar
sin_especie_0106.jpg,imagenes_descargadas/sin_especie_0106.jpg,https://data.nhm.ac.uk/media/20d25d6b-98a5-45ce-a02e-d3ff3cdfb610,Arges chotae
sin_especie_0107.jpg,imagenes_descargadas/sin_especie_0107.jpg,https://data.nhm.ac.uk/media/18ad38ea-39c1-4a0f-b36a-e226c9e98345,Arges chotae
sin_especie_0108.jpg,imagenes_descargadas/sin_especie_0108.jpg,https://data.nhm.ac.uk/media/1732db3c-b427-40a3-90bd-b9b19537b0ef,Sin identificar
sin_especie_0109.jpg,imagenes_descargadas/sin_especie_0109.jpg,https://data.nhm.ac.uk/media/91fdfd91-f493-4692-9bf3-3de0d355fd16,Sin identificar
sin_especie_0110.jpg,imagenes_descargadas/sin_especie_0110.jpg,https://data.nhm.ac.uk/media/4f89ab8a-969a-4975-a5ec-aa1da3e91003,Sin identificar
sin_especie_0111.jpg,imagenes_descargadas/sin_especie_0111.jpg,https://data.nhm.ac.uk/media/846625e4-7f78-4933-9ff0-6a28e9cacbad,Sin identificar
sin_especie_0112.jpg,imagenes_descargadas/sin_especie_0112.jpg,https://data.nhm.ac.uk/media/6feb354d-4add-427b-8f39-10f3ae1cd37c,Sin identificar
sin_especie_0113.jpg,imagenes_descargadas/sin_especie_0113.jpg,https://data.nhm.ac.uk/media/a04c5714-95e6-4fc7-b8c2-64e84db0cfba,Stygogenes guentheri
sin_especie_0114.jpg,imagenes_descargadas/sin_especie_0114.jpg,https://data.nhm.ac.uk/media/0fe4b924-112c-41f6-ac34-4635e47a1c0d,Stygogenes guentheri
sin_especie_0115.jpg,imagenes_descargadas/sin_especie_0115.jpg,https://data.nhm.ac.uk/media/052a2e79-4eae-40c5-bfaa-bcfebd2a59d9,Stygogenes guentheri
sin_especie_0116.jpg,imagenes_descargadas/sin_especie_0116.jpg,https://data.nhm.ac.uk/media/f5a7e0ee-17d4-47a9-b5d8-367f52a29270,Stygogenes guentheri
sin_especie_0117.jpg,imagenes_descargadas/sin_especie_0117.jpg,https://data.nhm.ac.uk/media/556f5bbe-2333-4b9e-932f-b4198428efd1,Stygogenes guentheri
sin_especie_0118.jpg,imagenes_descargadas/sin_especie_0118.jpg,https://data.nhm.ac.uk/media/312cce60-f0f9-4666-83cd-b6948611705c,Stygogenes guentheri
sin_especie_0119.jpg,imagenes_descargadas/sin_especie_0119.jpg,https://data.nhm.ac.uk/media/0e1f726f-4c34-4d2e-b83a-f1031db5ab1e,Stygogenes guentheri
sin_especie_0120.jpg,imagenes_descargadas/sin_especie_0120.jpg,https://data.nhm.ac.uk/media/a3b31059-53ad-40df-9026-21fc9b795bdf,Stygogenes guentheri
sin_especie_0121.jpg,imagenes_descargadas/sin_especie_0121.jpg,https://data.nhm.ac.uk/media/db236467-2b8d-4bc5-90cb-2f4486ef4344,Stygogenes guentheri
sin_especie_0122.jpg,imagenes_descargadas/sin_especie_0122.jpg,https://data.nhm.ac.uk/media/b1ed66e5-480d-43a3-b1e4-cff56ce7d226,Stygogenes guentheri
sin_especie_0123.jpg,imagenes_descargadas/sin_especie_0123.jpg,https://data.nhm.ac.uk/media/eed169be-72c6-4f99-9aa4-5795502b393c,Stygogenes guentheri
sin_especie_0124.jpg,imagenes_descargadas/sin_especie_0124.jpg,https://data.nhm.ac.uk/media/bae47a14-b773-45d6-91c9-669579837326,Stygogenes guentheri
sin_especie_0125.jpg,imagenes_descargadas/sin_especie_0125.jpg,https://data.nhm.ac.uk/media/15f3c4cb-2b5a-4331-a839-30891189b8b4,Stygogenes guentheri
sin_especie_0126.jpg,imagenes_descargadas/sin_especie_0126.jpg,https://data.nhm.ac.uk/media/0272bc28-fe37-48bd-a4a8-01b81b3789bf,Stygogenes guentheri
sin_especie_0127.jpg,imagenes_descargadas/sin_especie_0127.jpg,https://data.nhm.ac.uk/media/8bbe9ef8-e924-41f3-af7d-bf111594fbbc,Stygogenes guentheri
sin_especie_0128.jpg,imagenes_descargadas/sin_especie_0128.jpg,https://data.nhm.ac.uk/media/81a8021d-c3e6-4ce2-b28f-c3b75c83b423,Sin identificar
sin_especie_0129.jpg,imagenes_descargadas/sin_especie_0129.jpg,https://data.nhm.ac.uk/media/b2b8bb96-9787-4db4-89a5-c8399e3a41b6,Stygogenes guentheri
sin_especie_0130.jpg,imagenes_descargadas/sin_especie_0130.jpg,https://data.nhm.ac.uk/media/d2000f93-e37d-4333-8dcc-cd1dc6a88b86,Stygogenes guentheri
sin_especie_0131.jpg,imagenes_descargadas/sin_especie_0131.jpg,https://data.nhm.ac.uk/media/bacc5eed-b0b1-4bda-84b8-d5d6a75d9b0e,Stygogenes guentheri
sin_especie_0132.jpg,imagenes_descargadas/sin_especie_0132.jpg,https://data.nhm.ac.uk/media/95933cda-ac4b-4eed-ba53-d0b5a9d54348,Stygogenes guentheri
sin_especie_0133.jpg,imagenes_descargadas/sin_especie_0133.jpg,https://data.nhm.ac.uk/media/ccd77fe0-ff1a-4a42-a0e6-6d7f7325cb69,Stygogenes guentheri
sin_especie_0134.jpg,imagenes_descargadas/sin_especie_0134.jpg,https://data.nhm.ac.uk/media/502a7af1-d9f0-4a02-be83-cc88f8059f49,Stygogenes guentheri
sin_especie_0135.jpg,imagenes_descargadas/sin_especie_0135.jpg,https://data.nhm.ac.uk/media/9bce5b21-66e6-4800-bfc0-eceb37d8da84,Stygogenes guentheri
sin_especie_0136.jpg,imagenes_descargadas/sin_especie_0136.jpg,https://data.nhm.ac.uk/media/3bd7ae27-ee02-4e60-95c0-4a45e99d81dc,Stygogenes guentheri
sin_especie_0137.jpg,imagenes_descargadas/sin_especie_0137.jpg,https://data.nhm.ac.uk/media/d70af1b1-66ca-4031-b8fa-3770eb4e669c,Arges fissidens
sin_especie_0138.jpeg,imagenes_descargadas/sin_especie_0138.jpeg,https://data.nhm.ac.uk/media/688b0a83-eaf3-499a-ba62-48aaf7b9ca64,Arges fissidens
sin_especie_0139.jpeg,imagenes_descargadas/sin_especie_0139.jpeg,https://data.nhm.ac.uk/media/d98cffbe-cbea-4b18-8c5f-e4a2a1856e29,Sin identificar
sin_especie_0140.jpeg,imagenes_descargadas/sin_especie_0140.jpeg,https://data.nhm.ac.uk/media/3ef69c2f-fdf0-4074-91f8-27616dacbf6c,Arges fissidens
sin_especie_0141.jpeg,imagenes_descargadas/sin_especie_0141.jpeg,https://data.nhm.ac.uk/media/c9537e11-a92a-4dad-a8d4-4517bbf3eef9,Sin identificar
sin_especie_0142.jpeg,imagenes_descargadas/sin_especie_0142.jpeg,https://data.nhm.ac.uk/media/f3bf21cd-249b-4929-95ec-db3a91aa07e6,Sin identificar
sin_especie_0143.jpeg,imagenes_descargadas/sin_especie_0143.jpeg,https://data.nhm.ac.uk/media/4f3693f5-b1dd-43a1-8c9a-30c5ed32c6ca,Sin identificar
sin_especie_0144.jpeg,imagenes_descargadas/sin_especie_0144.jpeg,https://data.nhm.ac.uk/media/0b8e71a0-1e60-468b-b976-040e0ffacd10,Arges festae
sin_especie_0145.jpeg,imagenes_descargadas/sin_especie_0145.jpeg,https://data.nhm.ac.uk/media/53cd78cb-487f-4f20-98ce-db1b556a52a5,Arges festae
sin_especie_0146.jpeg,imagenes_descargadas/sin_especie_0146.jpeg,https://data.nhm.ac.uk/media/27d40ffb-94d6-4642-bf52-70fafa61b6ae,Arges festae
sin_especie_0147.jpeg,imagenes_descargadas/sin_especie_0147.jpeg,https://data.nhm.ac.uk/media/2c13c50d-e007-445c-b622-a1b9bcd69756,Arges festae
sin_especie_0148.jpeg,imagenes_descargadas/sin_especie_0148.jpeg,https://data.nhm.ac.uk/media/ce9c8ed2-2801-4e87-9491-6f7581a68717,Arges festae
sin_especie_0149.jpeg,imagenes_descargadas/sin_especie_0149.jpeg,https://data.nhm.ac.uk/media/cb6125ed-0ddd-4ea6-9b5e-ae76db6d1dd1,Arges festae
sin_especie_0150.jpeg,imagenes_descargadas/sin_especie_0150.jpeg,https://data.nhm.ac.uk/media/a052ff93-bcf2-4740-b83c-2eaa0eb40545,Arges festae
sin_especie_0151.jpeg,imagenes_descargadas/sin_especie_0151.jpeg,https://data.nhm.ac.uk/media/bb4d4e81-4796-4301-b281-111f65b860cd,Arges festae
sin_especie_0152.jpeg,imagenes_descargadas/sin_especie_0152.jpeg,https://data.nhm.ac.uk/media/96bdd80c-6b07-41bd-843b-dd5159bd13e3,Arges festae
sin_especie_0153.jpeg,imagenes_descargadas/sin_especie_0153.jpeg,https://data.nhm.ac.uk/media/3b0d10be-daaa-4be5-a540-52de07424355,Arges festae
sin_especie_0154.jpg,imagenes_descargadas/sin_especie_0154.jpg,https://data.nhm.ac.uk/media/21f24db2-5323-459f-8478-c8e0a14a0433,Arges festae
sin_especie_0155.jpg,imagenes_descargadas/sin_especie_0155.jpg,https://data.nhm.ac.uk/media/de3f100f-e66a-4b53-a702-29ca4ca9f9a4,Arges festae
sin_especie_0156.jpg,imagenes_descargadas/sin_especie_0156.jpg,https://data.nhm.ac.uk/media/64525bcd-2817-4a70-8a3c-ebf844d74453,Arges festae
sin_especie_0157.jpg,imagenes_descargadas/sin_especie_0157.jpg,https://data.nhm.ac.uk/media/070d9186-e3ab-45ec-ad2c-4b7eec0b67c7,Arges festae
sin_especie_0158.jpg,imagenes_descargadas/sin_especie_0158.jpg,https://data.nhm.ac.uk/media/4f3d2aa4-377d-418e-92a5-51d0b1940803,Arges festae
sin_especie_0159.jpg,imagenes_descargadas/sin_especie_0159.jpg,https://data.nhm.ac.uk/media/c6dd8dd5-51eb-4439-a84a-ee463ad80567,Arges festae
sin_especie_0160.jpg,imagenes_descargadas/sin_especie_0160.jpg,https://data.nhm.ac.uk/media/2d91fbe3-0453-4982-a1d2-652aa60819f1,Arges festae
sin_especie_0161.jpg,imagenes_descargadas/sin_especie_0161.jpg,https://data.nhm.ac.uk/media/623f90d0-12c3-424e-9054-26b442b8e9fe,Arges festae
sin_especie_0162.jpg,imagenes_descargadas/sin_especie_0162.jpg,https://data.nhm.ac.uk/media/39badcc3-2b42-4692-b63d-505907f27cb3,Arges festae
sin_especie_0163.jpg,imagenes_descargadas/sin_especie_0163.jpg,https://data.nhm.ac.uk/media/afe9b881-9708-4f89-a2b7-4c0f4ee515b5,Arges festae
sin_especie_0164.jpg,imagenes_descargadas/sin_especie_0164.jpg,https://data.nhm.ac.uk/media/76619ff5-aa0a-4260-9d55-231e8377a350,Sin identificar
