type,format,identifier,references,title,description,source,audience,created,creator,contributor,publisher,license,rightsHolder
863122239,StillImage,image/jpeg,https://iiif.mcz.harvard.edu/iiif/3/8006/full/max/0/default.jpg,,MCZ:Ich:30969 Astroblepus mancoi,Cat Num: 30969,,,,,,"Museum of Comparative Zoology, Harvard University",http://creativecommons.org/licenses/by-nc-sa/3.0/,© President and Fellows of Harvard College
863122239,StillImage,image/jpeg,https://iiif.mcz.harvard.edu/iiif/3/8003/full/max/0/default.jpg,,MCZ:Ich:30969 Astroblepus mancoi,Cat Num: 30969,,,,,,"Museum of Comparative Zoology, Harvard University",http://creativecommons.org/licenses/by-nc-sa/3.0/,© President and Fellows of Harvard College
863122239,StillImage,image/jpeg,https://iiif.mcz.harvard.edu/iiif/3/8004/full/max/0/default.jpg,,MCZ:Ich:30969 Astroblepus mancoi,Cat Num: 30969,,,,,,"Museum of Comparative Zoology, Harvard University",http://creativecommons.org/licenses/by-nc-sa/3.0/,© President and Fellows of Harvard College
863122239,StillImage,image/jpeg,https://iiif.mcz.harvard.edu/iiif/3/8005/full/max/0/default.jpg,,MCZ:Ich:30969 Astroblepus mancoi,Cat Num: 30969,,,,,,"Museum of Comparative Zoology, Harvard University",http://creativecommons.org/licenses/by-nc-sa/3.0/,© President and Fellows of Harvard College
666582643,StillImage,jpeg,http://fm-digital-assets.fieldmuseum.org/653/100/63855_Astroblepus_pholeter_v_FZ.jpg,,63855 Astroblepus pholeter,63855 Astroblepus pholeter v FZ - 58 mm SL,,,,,,,(c) Field Museum of Natural History - CC BY-NC 4.0,Field Museum of Natural History
666582643,StillImage,jpeg,http://fm-digital-assets.fieldmuseum.org/653/101/63855_Astroblepus_pholeter_d_FZ.jpg,,63855 Astroblepus pholeter,63855 Astroblepus pholeter d FZ - 58 mm SL,,,,,,,(c) Field Museum of Natural History - CC BY-NC 4.0,Field Museum of Natural History
666582643,StillImage,jpeg,http://fm-digital-assets.fieldmuseum.org/653/099/63855_Astroblepus_pholeter_l_FZ.jpg,,63855 Astroblepus pholeter,63855 Astroblepus pholeter l FZ - 58 mm SL,,,,,,,(c) Field Museum of Natural History - CC BY-NC 4.0,Field Museum of Natural History
657038953,,application/pdf,http://biimages.biodiversity.ku.edu/static/Ichthyology/originals/sp64253516550193625925.att.pdf,,S68-59,,,,,,,,,University of Kansas Biodiversity Institute
657033627,,application/pdf,http://biimages.biodiversity.ku.edu/static/Ichthyology/originals/sp63929803523991312991.att.pdf,,S68-33,,,,,,,,,University of Kansas Biodiversity Institute
657031482,,application/pdf,http://biimages.biodiversity.ku.edu/static/Ichthyology/originals/sp63929803523991312991.att.pdf,,S68-33,,,,,,,,,University of Kansas Biodiversity Institute
657029605,,application/pdf,http://biimages.biodiversity.ku.edu/static/Ichthyology/originals/sp65951020929491492234.att.pdf,,S68-32,,,,,,,,,University of Kansas Biodiversity Institute
657014602,,application/pdf,http://biimages.biodiversity.ku.edu/static/Ichthyology/originals/sp68756408573010326327.att.pdf,,S68-58,,,,,,,,,University of Kansas Biodiversity Institute
657014593,,application/pdf,http://biimages.biodiversity.ku.edu/static/Ichthyology/originals/sp67659223201413145770.att.pdf,,S68-57,,,,,,,,,University of Kansas Biodiversity Institute
657014587,,application/pdf,http://biimages.biodiversity.ku.edu/static/Ichthyology/originals/sp6407539003093832020.att.pdf,,S68-56,,,,,,,,,University of Kansas Biodiversity Institute
656963228,,application/pdf,http://biimages.biodiversity.ku.edu/static/Ichthyology/originals/sp63219921330915816402.att.pdf,,S68-60,,,,,,,,,University of Kansas Biodiversity Institute
656959237,,application/pdf,http://biimages.biodiversity.ku.edu/static/Ichthyology/originals/sp67103911665231651879.att.pdf,,WED-1541.pdf,,,,,,,,,University of Kansas Biodiversity Institute
656956072,,application/pdf,http://biimages.biodiversity.ku.edu/static/Ichthyology/originals/sp63122336496377689236.att.pdf,,WED-1580.pdf,,,,,,,,,University of Kansas Biodiversity Institute
656954761,,application/pdf,http://biimages.biodiversity.ku.edu/static/Ichthyology/originals/sp63676251693575770993.att.pdf,,S68-61,,,,,,,,,University of Kansas Biodiversity Institute
624083214,StillImage,image/jpeg,https://cdn.floridamuseum.ufl.edu/Fish/192d6899-539c-4d4e-ae44-d004f41c3fd0,,Astroblepidae Astroblepus phelpsi,UF_Fish_30784_IMG_1060_comp_edited.jpg,,,,,,Florida Museum of Natural History Ichthyology,http://creativecommons.org/licenses/by-nc/4.0/,Florida Museum of Natural History Ichthyology
583594188,StillImage,image/jpeg,http://mediaphoto.mnhn.fr/media/1406028295129wA9asl5696jCKsFF,,,,,,,Hautecoeur M.,,,http://creativecommons.org/licenses/by-nc-nd/4.0/,
583594188,StillImage,image/jpeg,http://mediaphoto.mnhn.fr/media/1406028294672oRD4u4cqMIgixGAI,,,,,,,Hautecoeur M.,,,http://creativecommons.org/licenses/by-nc-nd/4.0/,
583594188,StillImage,image/jpeg,http://mediaphoto.mnhn.fr/media/1406028295730yMZcmEfeAhj5BBz3,,,,,,,Hautecoeur M.,,,http://creativecommons.org/licenses/by-nc-nd/4.0/,
583594188,StillImage,image/jpeg,http://mediaphoto.mnhn.fr/media/14060282960870z1lpD8zvEd3aWMs,,,,,,,Hautecoeur M.,,,http://creativecommons.org/licenses/by-nc-nd/4.0/,
583594184,StillImage,image/jpeg,http://mediaphoto.mnhn.fr/media/1406028491571vgYXdwIJ2mAZy6Pc,,,,,,,Hautecoeur M.,,,http://creativecommons.org/licenses/by-nc-nd/4.0/,
583594184,StillImage,image/jpeg,http://mediaphoto.mnhn.fr/media/1406028491871YyKrQGhwCCdsgLAs,,,,,,,Hautecoeur M.,,,http://creativecommons.org/licenses/by-nc-nd/4.0/,
583594184,StillImage,image/jpeg,http://mediaphoto.mnhn.fr/media/1406028492867OZDhLDluKJfdQjm0,,,,,,,Hautecoeur M.,,,http://creativecommons.org/licenses/by-nc-nd/4.0/,
583594184,StillImage,image/jpeg,http://mediaphoto.mnhn.fr/media/1406028492184mtN2I2V0gfrqYQAA,,,,,,,Hautecoeur M.,,,http://creativecommons.org/licenses/by-nc-nd/4.0/,
583594182,StillImage,image/jpeg,http://mediaphoto.mnhn.fr/media/1406028350828F50bqNsqYB0Wi2RV,,,,,,,Hautecoeur M.,,,http://creativecommons.org/licenses/by-nc-nd/4.0/,
583594182,StillImage,image/jpeg,http://mediaphoto.mnhn.fr/media/1406028351189GAJn5Yw5L6fb0apZ,,,,,,,Hautecoeur M.,,,http://creativecommons.org/licenses/by-nc-nd/4.0/,
583594182,StillImage,image/jpeg,http://mediaphoto.mnhn.fr/media/1406028350015JNN8GZeAKJcZPobb,,,,,,,Hautecoeur M.,,,http://creativecommons.org/licenses/by-nc-nd/4.0/,
583594182,StillImage,image/jpeg,http://mediaphoto.mnhn.fr/media/1406028350397qLZdFCYyJiTOWhEw,,,,,,,Hautecoeur M.,,,http://creativecommons.org/licenses/by-nc-nd/4.0/,
583594173,StillImage,image/jpeg,http://mediaphoto.mnhn.fr/media/1406028301987YGUnfahOWyDBxseM,,,,,,,Hautecoeur M.,,,http://creativecommons.org/licenses/by-nc-nd/4.0/,
583594173,StillImage,image/jpeg,http://mediaphoto.mnhn.fr/media/1406028301653pMk2JCBHLfMeMAjk,,,,,,,Hautecoeur M.,,,http://creativecommons.org/licenses/by-nc-nd/4.0/,
583594173,StillImage,image/jpeg,http://mediaphoto.mnhn.fr/media/1406028302317APRJMdd0rPWMhG5X,,,,,,,Hautecoeur M.,,,http://creativecommons.org/licenses/by-nc-nd/4.0/,
583594173,StillImage,image/jpeg,http://mediaphoto.mnhn.fr/media/1406028302676GZRqvM7JiMkQFjdf,,,,,,,Hautecoeur M.,,,http://creativecommons.org/licenses/by-nc-nd/4.0/,
5830843516,StillImage,image/jpeg,https://inaturalist-open-data.s3.amazonaws.com/photos/549307733/original.jpg,https://www.inaturalist.org/photos/549307733,,,,,2025-08-08T01:16:38Z,andres_piedrahita,,iNaturalist,http://creativecommons.org/licenses/by-nc/4.0/,andres_piedrahita
5759576901,StillImage,image/jpeg,https://inaturalist-open-data.s3.amazonaws.com/photos/247288674/original.jpg,https://www.inaturalist.org/photos/247288674,,,,,2022-10-22T12:28:00Z,domeacosta_,,iNaturalist,http://creativecommons.org/licenses/by-nc/4.0/,domeacosta_
5007512687,StillImage,image/jpeg,https://inaturalist-open-data.s3.amazonaws.com/photos/458036394/original.jpg,https://www.inaturalist.org/photos/458036394,,,,,2023-03-05T07:06:31Z,Frederic Griesbaum,,iNaturalist,http://creativecommons.org/licenses/by-nc/4.0/,Frederic Griesbaum
5007512687,StillImage,image/jpeg,https://inaturalist-open-data.s3.amazonaws.com/photos/458036408/original.jpg,https://www.inaturalist.org/photos/458036408,,,,,2023-03-06T01:45:01Z,Frederic Griesbaum,,iNaturalist,http://creativecommons.org/licenses/by-nc/4.0/,Frederic Griesbaum
5007512687,StillImage,image/jpeg,https://inaturalist-open-data.s3.amazonaws.com/photos/458036396/original.jpg,https://www.inaturalist.org/photos/458036396,,,,,2023-03-05T07:09:47Z,Frederic Griesbaum,,iNaturalist,http://creativecommons.org/licenses/by-nc/4.0/,Frederic Griesbaum
4979190142,,,,http://colecciones.humboldt.org.co/rec/imagenes/IAvH-P/IAvH-P-12708/,,,,,,,,,,
4979187846,,,,http://colecciones.humboldt.org.co/rec/imagenes/IAvH-P/IAvH-P-7107/,,,,,,,,,,
4979187845,,,,http://colecciones.humboldt.org.co/rec/imagenes/IAvH-P/IAvH-P-7109/,,,,,,,,,,
4979187837,,,,http://colecciones.humboldt.org.co/rec/imagenes/IAvH-P/IAvH-P-7105/,,,,,,,,,,
4979187830,,,,http://colecciones.humboldt.org.co/rec/imagenes/IAvH-P/IAvH-P-7101/,,,,,,,,,,
4979187727,,,,http://colecciones.humboldt.org.co/rec/imagenes/IAvH-P/IAvH-P-7110/,,,,,,,,,,
4979187672,,,,http://colecciones.humboldt.org.co/rec/imagenes/IAvH-P/IAvH-P-7097/,,,,,,,,,,
4979187671,,,,http://colecciones.humboldt.org.co/rec/imagenes/IAvH-P/IAvH-P-7092/,,,,,,,,,,
4979187601,,,,http://colecciones.humboldt.org.co/rec/imagenes/IAvH-P/IAvH-P-7085/,,,,,,,,,,
4979186531,,,,http://colecciones.humboldt.org.co/rec/imagenes/IAvH-P/IAvH-P-22009/,,,,,,,,,,
4979176357,,,,http://colecciones.humboldt.org.co/rec/imagenes/IAvH-P/IAvH-P-17688/,,,,,,,,,,
4979176344,,,,http://colecciones.humboldt.org.co/rec/imagenes/IAvH-P/IAvH-P-17689/,,,,,,,,,,
4979175095,,,,http://colecciones.humboldt.org.co/rec/imagenes/IAvH-P/IAvH-P-5607/,,,,,,,,,,
4979175034,,,,http://colecciones.humboldt.org.co/rec/imagenes/IAvH-P/IAvH-P-5608/,,,,,,,,,,
4979175033,,,,http://colecciones.humboldt.org.co/rec/imagenes/IAvH-P/IAvH-P-5609/,,,,,,,,,,
4979175016,,,,http://colecciones.humboldt.org.co/rec/imagenes/IAvH-P/IAvH-P-5610/,,,,,,,,,,
4979174962,,,,http://colecciones.humboldt.org.co/rec/imagenes/IAvH-P/IAvH-P-17725/,,,,,,,,,,
4979174956,,,,http://colecciones.humboldt.org.co/rec/imagenes/IAvH-P/IAvH-P-17726/,,,,,,,,,,
4979174836,,,,http://colecciones.humboldt.org.co/rec/imagenes/IAvH-P/IAvH-P-17748/,,,,,,,,,,
4979171966,,,,http://colecciones.humboldt.org.co/rec/imagenes/IAvH-P/IAvH-P-3247/,,,,,,,,,,
4979145973,,,,http://colecciones.humboldt.org.co/rec/imagenes/IAvH-P/IAvH-P-21065/,,,,,,,,,,
4979128669,,,,http://colecciones.humboldt.org.co/rec/imagenes/IAvH-P/IAvH-P-13209/,,,,,,,,,,
4979128635,,,,http://colecciones.humboldt.org.co/rec/imagenes/IAvH-P/IAvH-P-13210/,,,,,,,,,,
4979128634,,,,http://colecciones.humboldt.org.co/rec/imagenes/IAvH-P/IAvH-P-13211/,,,,,,,,,,
4979121446,,,,http://colecciones.humboldt.org.co/rec/imagenes/IAvH-P/IAvH-P-281/,,,,,,,,,,
4979121444,,,,http://colecciones.humboldt.org.co/rec/imagenes/IAvH-P/IAvH-P-280/,,,,,,,,,,
4979121443,,,,http://colecciones.humboldt.org.co/rec/imagenes/IAvH-P/IAvH-P-279/,,,,,,,,,,
4979121442,,,,http://colecciones.humboldt.org.co/rec/imagenes/IAvH-P/IAvH-P-278/,,,,,,,,,,
4979121441,,,,http://colecciones.humboldt.org.co/rec/imagenes/IAvH-P/IAvH-P-275/,,,,,,,,,,
4979121440,,,,http://colecciones.humboldt.org.co/rec/imagenes/IAvH-P/IAvH-P-274/,,,,,,,,,,
4979121439,,,,http://colecciones.humboldt.org.co/rec/imagenes/IAvH-P/IAvH-P-277/,,,,,,,,,,
4979121438,,,,http://colecciones.humboldt.org.co/rec/imagenes/IAvH-P/IAvH-P-276/,,,,,,,,,,
4979121437,,,,http://colecciones.humboldt.org.co/rec/imagenes/IAvH-P/IAvH-P-271/,,,,,,,,,,
4979121435,,,,http://colecciones.humboldt.org.co/rec/imagenes/IAvH-P/IAvH-P-273/,,,,,,,,,,
4979105281,,,,http://colecciones.humboldt.org.co/rec/imagenes/IAvH-P/IAvH-P-18911/,,,,,,,,,,
4979104951,,,,http://colecciones.humboldt.org.co/rec/imagenes/IAvH-P/IAvH-P-4333/,,,,,,,,,,
4979104907,,,,http://colecciones.humboldt.org.co/rec/imagenes/IAvH-P/IAvH-P-4322/,,,,,,,,,,
4916377108,StillImage,image/jpeg,http://www.boldsystems.org/pics/FSWPU/RME_B3-1b+1510856815.jpg,http://bins.boldsystems.org/index.php/Public_RecordView?processid=FSWPU032-12,FSWPU032-12 Dorsal,,,,,,,,http://creativecommons.org/licenses/by-nc-sa/4.0/,
4916377108,StillImage,image/jpeg,http://www.boldsystems.org/pics/FSWPU/RME_B3-1c+1510856872.jpg,http://bins.boldsystems.org/index.php/Public_RecordView?processid=FSWPU032-12,FSWPU032-12 Lateral,,,,,,,,http://creativecommons.org/licenses/by-nc-sa/4.0/,
4916377108,StillImage,image/jpeg,http://www.boldsystems.org/pics/FSWPU/RME_B3-1a+1510856770.jpg,http://bins.boldsystems.org/index.php/Public_RecordView?processid=FSWPU032-12,FSWPU032-12 Ventral,,,,,,,,http://creativecommons.org/licenses/by-nc-sa/4.0/,
4916277037,StillImage,image/jpeg,http://www.boldsystems.org/pics/FSWPU/PMNF_B2-3a+1511304521.jpg,http://bins.boldsystems.org/index.php/Public_RecordView?processid=FSWPU018-12,FSWPU018-12 Dorsal,,,,,,,,http://creativecommons.org/licenses/by-nc-sa/4.0/,
4916277037,StillImage,image/jpeg,http://www.boldsystems.org/pics/FSWPU/PMNF_B2-3b+1511304575.jpg,http://bins.boldsystems.org/index.php/Public_RecordView?processid=FSWPU018-12,FSWPU018-12 Lateral,,,,,,,,http://creativecommons.org/licenses/by-nc-sa/4.0/,
4916261191,StillImage,image/jpeg,http://www.boldsystems.org/pics/FSWPU/PMFF_B2-1a+1510781924.jpg,http://bins.boldsystems.org/index.php/Public_RecordView?processid=FSWPU022-12,FSWPU022-12 Ventral,,,,,,,,http://creativecommons.org/licenses/by-nc-sa/4.0/,
4916261191,StillImage,image/jpeg,http://www.boldsystems.org/pics/FSWPU/PMFF_B2-1c+1510782023.jpg,http://bins.boldsystems.org/index.php/Public_RecordView?processid=FSWPU022-12,FSWPU022-12 Lateral,,,,,,,,http://creativecommons.org/licenses/by-nc-sa/4.0/,
4916261191,StillImage,image/jpeg,http://www.boldsystems.org/pics/FSWPU/PMFF_B2-1b+1510781978.jpg,http://bins.boldsystems.org/index.php/Public_RecordView?processid=FSWPU022-12,FSWPU022-12 Dorsal,,,,,,,,http://creativecommons.org/licenses/by-nc-sa/4.0/,
4916174531,StillImage,image/jpeg,http://www.boldsystems.org/pics/FSWPU/RME_B3-2a+1510857588.jpg,http://bins.boldsystems.org/index.php/Public_RecordView?processid=FSWPU033-12,FSWPU033-12 Ventral,,,,,,,,http://creativecommons.org/licenses/by-nc-sa/4.0/,
4916174531,StillImage,image/jpeg,http://www.boldsystems.org/pics/FSWPU/RME_B3-2c+1510857679.jpg,http://bins.boldsystems.org/index.php/Public_RecordView?processid=FSWPU033-12,FSWPU033-12 Lateral,,,,,,,,http://creativecommons.org/licenses/by-nc-sa/4.0/,
4916174531,StillImage,image/jpeg,http://www.boldsystems.org/pics/FSWPU/RME_B3-2b+1510857634.jpg,http://bins.boldsystems.org/index.php/Public_RecordView?processid=FSWPU033-12,FSWPU033-12 Dorsal,,,,,,,,http://creativecommons.org/licenses/by-nc-sa/4.0/,
4916171675,StillImage,image/jpeg,http://www.boldsystems.org/pics/FSWPU/PMFF_B3-1c+1510783581.jpg,http://bins.boldsystems.org/index.php/Public_RecordView?processid=FSWPU024-12,FSWPU024-12 Lateral,,,,,,,,http://creativecommons.org/licenses/by-nc-sa/4.0/,
4916171675,StillImage,image/jpeg,http://www.boldsystems.org/pics/FSWPU/PMFF_B3-1b+1510783524.jpg,http://bins.boldsystems.org/index.php/Public_RecordView?processid=FSWPU024-12,FSWPU024-12 Dorsal,,,,,,,,http://creativecommons.org/licenses/by-nc-sa/4.0/,
4916171675,StillImage,image/jpeg,http://www.boldsystems.org/pics/FSWPU/PMFF_B3-1a+1510783469.jpg,http://bins.boldsystems.org/index.php/Public_RecordView?processid=FSWPU024-12,FSWPU024-12 Ventral,,,,,,,,http://creativecommons.org/licenses/by-nc-sa/4.0/,
4916153575,StillImage,image/jpeg,http://www.boldsystems.org/pics/FSWPU/PMFF_B1-1b+1510780058.jpg,http://bins.boldsystems.org/index.php/Public_RecordView?processid=FSWPU019-12,FSWPU019-12 Dorsal,,,,,,,,http://creativecommons.org/licenses/by-nc-sa/4.0/,
4916153575,StillImage,image/jpeg,http://www.boldsystems.org/pics/FSWPU/PMFF_B1-1c+1510780126.jpg,http://bins.boldsystems.org/index.php/Public_RecordView?processid=FSWPU019-12,FSWPU019-12 Lateral,,,,,,,,http://creativecommons.org/licenses/by-nc-sa/4.0/,
4916153575,StillImage,image/jpeg,http://www.boldsystems.org/pics/FSWPU/PMFF_B1-1a+1510779972.jpg,http://bins.boldsystems.org/index.php/Public_RecordView?processid=FSWPU019-12,FSWPU019-12 Ventral,,,,,,,,http://creativecommons.org/licenses/by-nc-sa/4.0/,
4916060873,StillImage,image/jpeg,http://www.boldsystems.org/pics/FSWPU/PMFF_B2-2b+1510782912.jpg,http://bins.boldsystems.org/index.php/Public_RecordView?processid=FSWPU023-12,FSWPU023-12 Dorsal,,,,,,,,http://creativecommons.org/licenses/by-nc-sa/4.0/,
4916060873,StillImage,image/jpeg,http://www.boldsystems.org/pics/FSWPU/PMFF_B2-2a+1510782859.jpg,http://bins.boldsystems.org/index.php/Public_RecordView?processid=FSWPU023-12,FSWPU023-12 Ventral,,,,,,,,http://creativecommons.org/licenses/by-nc-sa/4.0/,
4916060873,StillImage,image/jpeg,http://www.boldsystems.org/pics/FSWPU/PMFF_B2-2c+1510782994.jpg,http://bins.boldsystems.org/index.php/Public_RecordView?processid=FSWPU023-12,FSWPU023-12 Lateral,,,,,,,,http://creativecommons.org/licenses/by-nc-sa/4.0/,
4916018969,StillImage,image/jpeg,http://www.boldsystems.org/pics/FSWPU/PMFF_B3-4a+1510855773.jpg,http://bins.boldsystems.org/index.php/Public_RecordView?processid=FSWPU027-12,FSWPU027-12 Ventral,,,,,,,,http://creativecommons.org/licenses/by-nc-sa/4.0/,
4916018969,StillImage,image/jpeg,http://www.boldsystems.org/pics/FSWPU/PMFF_B3-4b+1510856221.jpg,http://bins.boldsystems.org/index.php/Public_RecordView?processid=FSWPU027-12,FSWPU027-12 Dorsal,,,,,,,,http://creativecommons.org/licenses/by-nc-sa/4.0/,
4916018969,StillImage,image/jpeg,http://www.boldsystems.org/pics/FSWPU/PMFF_B3-4c+1510856269.jpg,http://bins.boldsystems.org/index.php/Public_RecordView?processid=FSWPU027-12,FSWPU027-12 Lateral,,,,,,,,http://creativecommons.org/licenses/by-nc-sa/4.0/,
4912810633,StillImage,image/jpeg,http://www.boldsystems.org/pics/FSWPU/PMNF_B2-1c+1511302546.jpg,http://bins.boldsystems.org/index.php/Public_RecordView?processid=FSWPU016-12,FSWPU016-12 Lateral,,,,,,,,http://creativecommons.org/licenses/by-nc-sa/4.0/,
4912810633,StillImage,image/jpeg,http://www.boldsystems.org/pics/FSWPU/PMNF_B2-1a+1511302421.jpg,http://bins.boldsystems.org/index.php/Public_RecordView?processid=FSWPU016-12,FSWPU016-12 Ventral,,,,,,,,http://creativecommons.org/licenses/by-nc-sa/4.0/,
4912810633,StillImage,image/jpeg,http://www.boldsystems.org/pics/FSWPU/PMNF_B2-1b+1511302477.jpg,http://bins.boldsystems.org/index.php/Public_RecordView?processid=FSWPU016-12,FSWPU016-12 Dorsal,,,,,,,,http://creativecommons.org/licenses/by-nc-sa/4.0/,
4912808743,StillImage,image/jpeg,http://www.boldsystems.org/pics/FSWPU/PMFF_B3-2b+1510784270.jpg,http://bins.boldsystems.org/index.php/Public_RecordView?processid=FSWPU025-12,FSWPU025-12 Lateral,,,,,,,,http://creativecommons.org/licenses/by-nc-sa/4.0/,
4912808743,StillImage,image/jpeg,http://www.boldsystems.org/pics/FSWPU/PMFF_B3-2a+1510784159.jpg,http://bins.boldsystems.org/index.php/Public_RecordView?processid=FSWPU025-12,FSWPU025-12 Ventral,,,,,,,,http://creativecommons.org/licenses/by-nc-sa/4.0/,
4912807457,StillImage,image/jpeg,http://www.boldsystems.org/pics/FSWPU/PMFF_B3-3a+1510785067.jpg,http://bins.boldsystems.org/index.php/Public_RecordView?processid=FSWPU026-12,FSWPU026-12 Ventral,,,,,,,,http://creativecommons.org/licenses/by-nc-sa/4.0/,
4912807457,StillImage,image/jpeg,http://www.boldsystems.org/pics/FSWPU/PMFF_B3-3c+1510785202.jpg,http://bins.boldsystems.org/index.php/Public_RecordView?processid=FSWPU026-12,FSWPU026-12 Lateral,,,,,,,,http://creativecommons.org/licenses/by-nc-sa/4.0/,
4912807457,StillImage,image/jpeg,http://www.boldsystems.org/pics/FSWPU/PMFF_B3-3b+1510785152.jpg,http://bins.boldsystems.org/index.php/Public_RecordView?processid=FSWPU026-12,FSWPU026-12 Dorsal,,,,,,,,http://creativecommons.org/licenses/by-nc-sa/4.0/,
4912711397,StillImage,image/jpeg,http://www.boldsystems.org/pics/FSWPU/PMFF_B1-3b+1510780925.jpg,http://bins.boldsystems.org/index.php/Public_RecordView?processid=FSWPU021-12,FSWPU021-12 Dorsal,,,,,,,,http://creativecommons.org/licenses/by-nc-sa/4.0/,
4912711397,StillImage,image/jpeg,http://www.boldsystems.org/pics/FSWPU/PMFF_B1-3a+1510780871.jpg,http://bins.boldsystems.org/index.php/Public_RecordView?processid=FSWPU021-12,FSWPU021-12 Ventral,,,,,,,,http://creativecommons.org/licenses/by-nc-sa/4.0/,
4912681471,StillImage,image/jpeg,http://www.boldsystems.org/pics/FSWPU/PMNF_B2-2b+1511303829.jpg,http://bins.boldsystems.org/index.php/Public_RecordView?processid=FSWPU017-12,FSWPU017-12 Dorsal,,,,,,,,http://creativecommons.org/licenses/by-nc-sa/4.0/,
4912681471,StillImage,image/jpeg,http://www.boldsystems.org/pics/FSWPU/PMNF_B2-2c+1511303875.jpg,http://bins.boldsystems.org/index.php/Public_RecordView?processid=FSWPU017-12,FSWPU017-12 Lateral,,,,,,,,http://creativecommons.org/licenses/by-nc-sa/4.0/,
4912681471,StillImage,image/jpeg,http://www.boldsystems.org/pics/FSWPU/PMNF_B2-2a+1511303781.jpg,http://bins.boldsystems.org/index.php/Public_RecordView?processid=FSWPU017-12,FSWPU017-12 Ventral,,,,,,,,http://creativecommons.org/licenses/by-nc-sa/4.0/,
473371360,StillImage,image/jpeg,https://ibss-images.calacademy.org/static/ichthyology/originals/dc/7d/dc7db9f8-24e2-4ed7-825e-dccaba36bb4f.jpg,,64618-p,photograph of CAS-ICH 64618,,,,,,,http://creativecommons.org/publicdomain/zero/1.0/,
473371360,StillImage,image/jpeg,https://ibss-images.calacademy.org/static/ichthyology/originals/20/7f/207fdf89-eb6a-4b59-889b-4aa88c33d956.jpg,,64618-r,radiograph of CAS-ICH 64618,,,,,,,http://creativecommons.org/publicdomain/zero/1.0/,
473167879,StillImage,image/jpeg,https://ibss-images.calacademy.org/static/ichthyology/originals/ac/18/ac18f75e-7e77-44fc-a2b2-e0a171f9909f.jpg,,47015-r,radiograph of CAS-ICH 47015,,,,,,,http://creativecommons.org/publicdomain/zero/1.0/,
473167879,StillImage,image/jpeg,https://ibss-images.calacademy.org/static/ichthyology/originals/fe/b9/feb91a05-5c6e-4c59-bdb0-137f34c7afed.jpg,,47015-p,photograph of CAS-ICH 47015,,,,,,,http://creativecommons.org/publicdomain/zero/1.0/,
473167867,StillImage,image/jpeg,https://ibss-images.calacademy.org/static/ichthyology/originals/97/54/9754745a-a50e-4389-b659-b36e79254e24.jpg,,47012-i,illustration of CAS-ICH 47012,,,,,,,http://creativecommons.org/publicdomain/zero/1.0/,
473167848,StillImage,image/jpeg,https://ibss-images.calacademy.org/static/ichthyology/originals/e9/9c/e99c9bc1-4c9f-408b-b411-62a543806cdb.jpg,,64617-p,photograph of CAS-ICH 64617,,,,,,,http://creativecommons.org/publicdomain/zero/1.0/,
473167848,StillImage,image/jpeg,https://ibss-images.calacademy.org/static/ichthyology/originals/32/10/3210544c-82b6-4baa-aebf-a986d895ba7b.jpg,,64617-r,radiograph of CAS-ICH 64617,,,,,,,http://creativecommons.org/publicdomain/zero/1.0/,
472958429,StillImage,image/jpeg,https://ibss-images.calacademy.org/static/ichthyology/originals/02/b0/02b0755e-00c2-4a68-a904-a7d2e5c284ed.jpg,,64620-p,photograph of CAS-ICH 64620,,,,,,,http://creativecommons.org/publicdomain/zero/1.0/,
472958429,StillImage,image/jpeg,https://ibss-images.calacademy.org/static/ichthyology/originals/ac/a5/aca5b286-f69b-43c3-ba10-fc5c56f02c56.jpg,,64620-i,illustration of CAS-ICH 64620,,,,,,,http://creativecommons.org/publicdomain/zero/1.0/,
472958429,StillImage,image/jpeg,https://ibss-images.calacademy.org/static/ichthyology/originals/05/b1/05b1530f-a1ca-4f60-94ec-db0ad5965c30.jpg,,64620-r,radiograph of CAS-ICH 64620,,,,,,,http://creativecommons.org/publicdomain/zero/1.0/,
472944393,StillImage,image/jpeg,https://ibss-images.calacademy.org/static/ichthyology/originals/69/c1/69c1a431-7a43-454f-838e-415df6800d23.jpg,,7509-i,illustration of CAS-ICH 7509,,,,,,,http://creativecommons.org/publicdomain/zero/1.0/,
472944393,StillImage,image/jpeg,https://ibss-images.calacademy.org/static/ichthyology/originals/04/49/044945dc-0584-4517-8213-2f448d47dee3.jpg,,7509-r,radiograph of CAS-ICH 7509,,,,,,,http://creativecommons.org/publicdomain/zero/1.0/,
472944393,StillImage,image/jpeg,https://ibss-images.calacademy.org/static/ichthyology/originals/ae/c3/aec3da81-0f4c-4128-9458-d62593edea19.jpg,,7509-p,photograph of CAS-ICH 7509,,,,,,,http://creativecommons.org/publicdomain/zero/1.0/,
472944087,StillImage,image/jpeg,https://ibss-images.calacademy.org/static/ichthyology/originals/4a/16/4a16b878-66bf-4ce1-a0c7-dcf59b0b90c5.jpg,,64718-p,photograph of CAS-ICH 64718,,,,,,,http://creativecommons.org/publicdomain/zero/1.0/,
472944086,StillImage,image/jpeg,https://ibss-images.calacademy.org/static/ichthyology/originals/23/c4/23c4c936-330c-4bb3-9e5b-4de7d008c79a.jpg,,64716-p,photograph of CAS-ICH 64716,,,,,,,http://creativecommons.org/publicdomain/zero/1.0/,
472943359,StillImage,image/jpeg,https://ibss-images.calacademy.org/static/ichthyology/originals/31/59/3159e384-1adc-4313-ae5d-4ae041f1b6ad.jpg,,64649-r,radiograph of CAS-ICH 64649,,,,,,,http://creativecommons.org/publicdomain/zero/1.0/,
472943359,StillImage,image/jpeg,https://ibss-images.calacademy.org/static/ichthyology/originals/bf/4f/bf4fa9cd-8f95-4a3e-8d71-3594ead63e12.jpg,,64649-p,photograph of CAS-ICH 64649,,,,,,,http://creativecommons.org/publicdomain/zero/1.0/,
4522907455,StillImage,image/jpeg,https://open.library.ubc.ca/img/thumbnails/cdm/fisheries/500/1.0201577.jpg,,,,,,,,,,,
4522905481,StillImage,image/jpeg,https://open.library.ubc.ca/img/thumbnails/cdm/fisheries/500/1.0201630.jpg,,,,,,,,,,,
4522905270,StillImage,image/jpeg,https://open.library.ubc.ca/img/thumbnails/cdm/fisheries/500/1.0201572.jpg,,,,,,,,,,,
4522893740,StillImage,image/jpeg,https://open.library.ubc.ca/img/thumbnails/cdm/fisheries/500/1.0201630.jpg,,,,,,,,,,,
4522891389,StillImage,image/jpeg,https://open.library.ubc.ca/img/thumbnails/cdm/fisheries/500/1.0201566.jpg,,,,,,,,,,,
4522883537,StillImage,image/jpeg,https://open.library.ubc.ca/img/thumbnails/cdm/fisheries/500/1.0201605.jpg,,,,,,,,,,,
4522875006,StillImage,image/jpeg,https://open.library.ubc.ca/img/thumbnails/cdm/fisheries/500/1.0201626.jpg,,,,,,,,,,,
3915480354,StillImage,image/jpeg,https://inaturalist-open-data.s3.amazonaws.com/photos/65538490/original.jpeg,https://www.inaturalist.org/photos/65538490,,,,,2009-12-31T01:05:59Z,jorgebrito,,iNaturalist,http://creativecommons.org/licenses/by-nc/4.0/,jorgebrito
3915451611,StillImage,image/jpeg,https://inaturalist-open-data.s3.amazonaws.com/photos/220796942/original.jpeg,https://www.inaturalist.org/photos/220796942,,,,,2022-07-07T15:23:00Z,©Yuleidy E. Castro L.,,iNaturalist,http://creativecommons.org/licenses/by-nc/4.0/,©Yuleidy E. Castro L.
3915451611,StillImage,image/jpeg,https://inaturalist-open-data.s3.amazonaws.com/photos/220796817/original.jpeg,https://www.inaturalist.org/photos/220796817,,,,,2022-07-07T15:23:00Z,©Yuleidy E. Castro L.,,iNaturalist,http://creativecommons.org/licenses/by-nc/4.0/,©Yuleidy E. Castro L.
3915451611,StillImage,image/jpeg,https://inaturalist-open-data.s3.amazonaws.com/photos/220796914/original.jpeg,https://www.inaturalist.org/photos/220796914,,,,,2022-07-07T15:23:00Z,©Yuleidy E. Castro L.,,iNaturalist,http://creativecommons.org/licenses/by-nc/4.0/,©Yuleidy E. Castro L.
3915451611,StillImage,image/jpeg,https://inaturalist-open-data.s3.amazonaws.com/photos/220797128/original.jpeg,https://www.inaturalist.org/photos/220797128,,,,,2022-07-07T15:23:00Z,©Yuleidy E. Castro L.,,iNaturalist,http://creativecommons.org/licenses/by-nc/4.0/,©Yuleidy E. Castro L.
3915451611,StillImage,image/jpeg,https://inaturalist-open-data.s3.amazonaws.com/photos/220796990/original.jpeg,https://www.inaturalist.org/photos/220796990,,,,,2022-07-07T15:23:00Z,©Yuleidy E. Castro L.,,iNaturalist,http://creativecommons.org/licenses/by-nc/4.0/,©Yuleidy E. Castro L.
3915451611,StillImage,image/jpeg,https://inaturalist-open-data.s3.amazonaws.com/photos/220796964/original.jpeg,https://www.inaturalist.org/photos/220796964,,,,,2022-07-07T15:23:00Z,©Yuleidy E. Castro L.,,iNaturalist,http://creativecommons.org/licenses/by-nc/4.0/,©Yuleidy E. Castro L.
3915451611,StillImage,image/jpeg,https://inaturalist-open-data.s3.amazonaws.com/photos/220797155/original.jpeg,https://www.inaturalist.org/photos/220797155,,,,,2022-07-07T15:23:00Z,©Yuleidy E. Castro L.,,iNaturalist,http://creativecommons.org/licenses/by-nc/4.0/,©Yuleidy E. Castro L.
3915451611,StillImage,image/jpeg,https://inaturalist-open-data.s3.amazonaws.com/photos/220796843/original.jpeg,https://www.inaturalist.org/photos/220796843,,,,,2022-07-07T15:23:00Z,©Yuleidy E. Castro L.,,iNaturalist,http://creativecommons.org/licenses/by-nc/4.0/,©Yuleidy E. Castro L.
3915451611,StillImage,image/jpeg,https://inaturalist-open-data.s3.amazonaws.com/photos/220797045/original.jpeg,https://www.inaturalist.org/photos/220797045,,,,,2022-07-07T15:23:00Z,©Yuleidy E. Castro L.,,iNaturalist,http://creativecommons.org/licenses/by-nc/4.0/,©Yuleidy E. Castro L.
3915451611,StillImage,image/jpeg,https://inaturalist-open-data.s3.amazonaws.com/photos/220796790/original.jpeg,https://www.inaturalist.org/photos/220796790,,,,,2022-07-07T15:23:00Z,©Yuleidy E. Castro L.,,iNaturalist,http://creativecommons.org/licenses/by-nc/4.0/,©Yuleidy E. Castro L.
3915451611,StillImage,image/jpeg,https://inaturalist-open-data.s3.amazonaws.com/photos/220797018/original.jpeg,https://www.inaturalist.org/photos/220797018,,,,,2022-07-07T15:23:00Z,©Yuleidy E. Castro L.,,iNaturalist,http://creativecommons.org/licenses/by-nc/4.0/,©Yuleidy E. Castro L.
3915451611,StillImage,image/jpeg,https://inaturalist-open-data.s3.amazonaws.com/photos/220797099/original.jpeg,https://www.inaturalist.org/photos/220797099,,,,,2022-07-07T15:23:00Z,©Yuleidy E. Castro L.,,iNaturalist,http://creativecommons.org/licenses/by-nc/4.0/,©Yuleidy E. Castro L.
3915451611,StillImage,image/jpeg,https://inaturalist-open-data.s3.amazonaws.com/photos/220796884/original.jpeg,https://www.inaturalist.org/photos/220796884,,,,,2022-07-07T15:23:00Z,©Yuleidy E. Castro L.,,iNaturalist,http://creativecommons.org/licenses/by-nc/4.0/,©Yuleidy E. Castro L.
3915451611,StillImage,image/jpeg,https://inaturalist-open-data.s3.amazonaws.com/photos/220797070/original.jpeg,https://www.inaturalist.org/photos/220797070,,,,,2022-07-07T15:23:00Z,©Yuleidy E. Castro L.,,iNaturalist,http://creativecommons.org/licenses/by-nc/4.0/,©Yuleidy E. Castro L.
3915451611,StillImage,image/jpeg,https://inaturalist-open-data.s3.amazonaws.com/photos/220796859/original.jpeg,https://www.inaturalist.org/photos/220796859,,,,,2022-07-07T15:23:00Z,©Yuleidy E. Castro L.,,iNaturalist,http://creativecommons.org/licenses/by-nc/4.0/,©Yuleidy E. Castro L.
3426466540,StillImage,image/jpeg,https://ibss-images.calacademy.org/static/ichthyology/originals/14/d8/14d81c83-483a-459a-9b58-b6c87c033bc0.jpg,,124796-r,radiograph of CAS-SU 24796,,,,,,,http://creativecommons.org/publicdomain/zero/1.0/,
3426466540,StillImage,image/jpeg,https://ibss-images.calacademy.org/static/ichthyology/originals/95/0f/950fabe5-70c5-4073-855a-b59b5efb0e8e.jpg,,124796-p,photograph of CAS-SU 24796,,,,,,,http://creativecommons.org/publicdomain/zero/1.0/,
3097017916,StillImage,image/jpeg,https://inaturalist-open-data.s3.amazonaws.com/photos/121438578/original.jpg,https://www.inaturalist.org/photos/121438578,,,,,2021-04-17T15:13:28Z,domeacosta_,,iNaturalist,http://creativecommons.org/licenses/by-nc/4.0/,domeacosta_
3097017916,StillImage,image/jpeg,https://inaturalist-open-data.s3.amazonaws.com/photos/121438629/original.jpg,https://www.inaturalist.org/photos/121438629,,,,,2021-04-17T15:13:28Z,domeacosta_,,iNaturalist,http://creativecommons.org/licenses/by-nc/4.0/,domeacosta_
1981059123,StillImage,image/jpeg,https://images.collections.yale.edu/iiif/2/ypm:da8c12fd-b97d-464a-9ee8-ede13f222ca1/full/full/0/default.jpg,,Astroblepus cyclopus (YPM ICH 008943). Digital Image: Yale Peabody Museum; photo by Adriana D. Rubinstein 2011,,,,,Adriana D. Rubinstein,,,http://creativecommons.org/publicdomain/zero/1.0/,
1322645911,StillImage,image/jpeg,https://collections.nmnh.si.edu/media/?i=7007289&h=440,,Astroblepus pholeter P03391 illustration,,,,,"Carrington, Mildred H.",,"Smithsonian Institution, NMNH, Fishes",Usage Conditions Apply,
1322645911,StillImage,image/jpeg,https://collections.nmnh.si.edu/media/?i=7007288&h=406,,Astroblepus pholeter P01329 illustration,,,,,"Carrington, Mildred H.",,"Smithsonian Institution, NMNH, Fishes",Usage Conditions Apply,
1265762655,StillImage,image/jpeg,http://pictures.snsb.info/ZSMpiscescoll/web/ZSM-PIS-0078/ZSM-PIS-007856_20470207_115904.jpg,,,,,,,,,,http://creativecommons.org/licenses/by-sa/3.0/,
1265762655,StillImage,image/jpeg,http://pictures.snsb.info/ZSMpiscescoll/web/ZSM-PIS-0078/ZSM-PIS-007856_20470207_115801.jpg,,,,,,,,,,http://creativecommons.org/licenses/by-sa/3.0/,
1265762655,StillImage,image/jpeg,http://pictures.snsb.info/ZSMpiscescoll/web/ZSM-PIS-0078/ZSM-PIS-007856_20470207_115358.jpg,,,,,,,,,,http://creativecommons.org/licenses/by-sa/3.0/,
1265762655,StillImage,image/jpeg,http://pictures.snsb.info/ZSMpiscescoll/web/ZSM-PIS-0078/ZSM-PIS-007856_20470207_120028.jpg,,,,,,,,,,http://creativecommons.org/licenses/by-sa/3.0/,
1057621250,StillImage,image/jpeg,https://data.nhm.ac.uk/media/98fc7588-3cf3-41a3-ac30-847815969439,,Zoology Accessions Register: Fishes: 1912 - 1936: page 325,,,,2003-08-20T10:50:38Z,,,,http://creativecommons.org/licenses/by/4.0/,"The Trustees of the Natural History Museum, London"
1057621230,StillImage,image/jpeg,https://data.nhm.ac.uk/media/98fc7588-3cf3-41a3-ac30-847815969439,,Zoology Accessions Register: Fishes: 1912 - 1936: page 325,,,,2003-08-20T10:50:38Z,,,,http://creativecommons.org/licenses/by/4.0/,"The Trustees of the Natural History Museum, London"
1057599449,StillImage,image/jpeg,https://data.nhm.ac.uk/media/20d25d6b-98a5-45ce-a02e-d3ff3cdfb610,,1898.11.4.22; Arges chotae; type; ACSI Project image,,,,2011-03-31T15:44:39Z,Mark Allen,,,http://creativecommons.org/licenses/by/4.0/,"The Trustees of the Natural History Museum, London"
1057599449,StillImage,image/jpeg,https://data.nhm.ac.uk/media/18ad38ea-39c1-4a0f-b36a-e226c9e98345,,1898.11.4.22; Arges chotae; image of jar label; ACSI project image,,,,2011-04-14T09:42:34Z,Mark Allen,,,http://creativecommons.org/licenses/by/4.0/,"The Trustees of the Natural History Museum, London"
1057599449,StillImage,image/jpeg,https://data.nhm.ac.uk/media/1732db3c-b427-40a3-90bd-b9b19537b0ef,,Zoology Accessions Register: Reptiles & Fishes: 1893 - 1903: page 214,,,,2003-08-20T10:48:04Z,,,,http://creativecommons.org/licenses/by/4.0/,"The Trustees of the Natural History Museum, London"
1057500344,StillImage,image/jpeg,https://data.nhm.ac.uk/media/1732db3c-b427-40a3-90bd-b9b19537b0ef,,Zoology Accessions Register: Reptiles & Fishes: 1893 - 1903: page 214,,,,2003-08-20T10:48:04Z,,,,http://creativecommons.org/licenses/by/4.0/,"The Trustees of the Natural History Museum, London"
1057492057,StillImage,image/jpeg,https://data.nhm.ac.uk/media/91fdfd91-f493-4692-9bf3-3de0d355fd16,,Zoology Accessions Register: Reptiles & Fishes: 1904 - 1925: page 231,,,,2003-08-20T10:47:18Z,,,,http://creativecommons.org/licenses/by/4.0/,"The Trustees of the Natural History Museum, London"
1057492057,StillImage,image/jpeg,https://data.nhm.ac.uk/media/4f89ab8a-969a-4975-a5ec-aa1da3e91003,,Zoology Accessions Register: Reptiles & Fishes: 1904 - 1925: page 230,,,,2003-08-20T10:47:18Z,,,,http://creativecommons.org/licenses/by/4.0/,"The Trustees of the Natural History Museum, London"
1057455804,StillImage,image/jpeg,https://data.nhm.ac.uk/media/846625e4-7f78-4933-9ff0-6a28e9cacbad,,Zoology Accessions Register: Fishes: 1986 - 1994: page 18,,,,2003-08-20T10:49:28Z,,,,http://creativecommons.org/licenses/by/4.0/,"The Trustees of the Natural History Museum, London"
1057441681,StillImage,image/jpeg,https://data.nhm.ac.uk/media/6feb354d-4add-427b-8f39-10f3ae1cd37c,,Zoology Accessions Register: Fishes: 1912 - 1936: page 60,,,,2003-08-20T10:50:17Z,,,,http://creativecommons.org/licenses/by/4.0/,"The Trustees of the Natural History Museum, London"
1057384090,StillImage,image/jpeg,https://data.nhm.ac.uk/media/a04c5714-95e6-4fc7-b8c2-64e84db0cfba,,1880.2.26.18-25df; Stygogenes guentheri; lateral view; ACSI Project image,,,,2011-04-07T16:10:17Z,Mark Allen,,,http://creativecommons.org/licenses/by/4.0/,"The Trustees of the Natural History Museum, London"
1057384090,StillImage,image/jpeg,https://data.nhm.ac.uk/media/0fe4b924-112c-41f6-ac34-4635e47a1c0d,,1880.2.26.18-25dg; Stygogenes guentheri; dorsal view; ACSI Project image,,,,2011-04-07T16:10:32Z,Mark Allen,,,http://creativecommons.org/licenses/by/4.0/,"The Trustees of the Natural History Museum, London"
1057384090,StillImage,image/jpeg,https://data.nhm.ac.uk/media/052a2e79-4eae-40c5-bfaa-bcfebd2a59d9,,1880.2.26.18-25dg; Stygogenes guentheri; ventral view; ACSI Project image,,,,2011-04-07T16:10:47Z,Mark Allen,,,http://creativecommons.org/licenses/by/4.0/,"The Trustees of the Natural History Museum, London"
1057384090,StillImage,image/jpeg,https://data.nhm.ac.uk/media/f5a7e0ee-17d4-47a9-b5d8-367f52a29270,,1880.2.26.18-25d; Stygogenes guentheri; lateral view; ACSI Project image,,,,2011-04-07T16:11:24Z,Mark Allen,,,http://creativecommons.org/licenses/by/4.0/,"The Trustees of the Natural History Museum, London"
1057384090,StillImage,image/jpeg,https://data.nhm.ac.uk/media/556f5bbe-2333-4b9e-932f-b4198428efd1,,1880.2.26.18-25b; Stygogenes guentheri; type; ACSI Project image,,,,2011-03-31T15:27:54Z,Mark Allen,,,http://creativecommons.org/licenses/by/4.0/,"The Trustees of the Natural History Museum, London"
1057384090,StillImage,image/jpeg,https://data.nhm.ac.uk/media/312cce60-f0f9-4666-83cd-b6948611705c,,1880.2.26.18-25df; Stygogenes guentheri; dorsal view; ACSI Project image,,,,2011-04-07T16:10:10Z,Mark Allen,,,http://creativecommons.org/licenses/by/4.0/,"The Trustees of the Natural History Museum, London"
1057384090,StillImage,image/jpeg,https://data.nhm.ac.uk/media/0e1f726f-4c34-4d2e-b83a-f1031db5ab1e,,1880.2.26.18-25a; Stygogenes guentheri; ventral view; ACSI Project image,,,,2011-04-07T16:09:21Z,Mark Allen,,,http://creativecommons.org/licenses/by/4.0/,"The Trustees of the Natural History Museum, London"
1057384090,StillImage,image/jpeg,https://data.nhm.ac.uk/media/a3b31059-53ad-40df-9026-21fc9b795bdf,,1880.2.26.18-25c; Stygogenes guentheri; dorsal view; ACSI Project image,,,,2011-04-07T16:09:27Z,Mark Allen,,,http://creativecommons.org/licenses/by/4.0/,"The Trustees of the Natural History Museum, London"
1057384090,StillImage,image/jpeg,https://data.nhm.ac.uk/media/db236467-2b8d-4bc5-90cb-2f4486ef4344,,1880.2.26.18-25de; Stygogenes guentheri; ventral view; ACSI Project image,,,,2011-04-07T16:10:03Z,Mark Allen,,,http://creativecommons.org/licenses/by/4.0/,"The Trustees of the Natural History Museum, London"
1057384090,StillImage,image/jpeg,https://data.nhm.ac.uk/media/b1ed66e5-480d-43a3-b1e4-cff56ce7d226,,1880.2.26.18-25df; Stygogenes guentheri; ventral view; ACSI Project image,,,,2011-04-07T16:10:24Z,Mark Allen,,,http://creativecommons.org/licenses/by/4.0/,"The Trustees of the Natural History Museum, London"
1057384090,StillImage,image/jpeg,https://data.nhm.ac.uk/media/eed169be-72c6-4f99-9aa4-5795502b393c,,1880.2.26.18-25c; Stygogenes guentheri; ventral view; ACSI Project image,,,,2011-04-07T16:09:42Z,Mark Allen,,,http://creativecommons.org/licenses/by/4.0/,"The Trustees of the Natural History Museum, London"
1057384090,StillImage,image/jpeg,https://data.nhm.ac.uk/media/bae47a14-b773-45d6-91c9-669579837326,,1880.2.26.18-25d; Stygogenes guentheri; ventral view; ACSI Project image,,,,2011-04-07T16:11:31Z,Mark Allen,,,http://creativecommons.org/licenses/by/4.0/,"The Trustees of the Natural History Museum, London"
1057384090,StillImage,image/jpeg,https://data.nhm.ac.uk/media/15f3c4cb-2b5a-4331-a839-30891189b8b4,,1880.2.26.18-25dh; Stygogenes guentheri; lateral view; ACSI Project image,,,,2011-04-07T16:11:01Z,Mark Allen,,,http://creativecommons.org/licenses/by/4.0/,"The Trustees of the Natural History Museum, London"
1057384090,StillImage,image/jpeg,https://data.nhm.ac.uk/media/0272bc28-fe37-48bd-a4a8-01b81b3789bf,,1880.2.26.18-25c; Stygogenes guentheri; lateral view; ACSI Project image,,,,2011-04-07T16:09:35Z,Mark Allen,,,http://creativecommons.org/licenses/by/4.0/,"The Trustees of the Natural History Museum, London"
1057384090,StillImage,image/jpeg,https://data.nhm.ac.uk/media/8bbe9ef8-e924-41f3-af7d-bf111594fbbc,,1880.2.26.18-25a; Stygogenes guentheri; lateral view; ACSI Project image,,,,2011-04-07T16:09:14Z,Mark Allen,,,http://creativecommons.org/licenses/by/4.0/,"The Trustees of the Natural History Museum, London"
1057384090,StillImage,image/jpeg,https://data.nhm.ac.uk/media/81a8021d-c3e6-4ce2-b28f-c3b75c83b423,,Zoology Accessions Register: Reptiles & Fishes: 1878 - 1892: page 53,,,,2003-08-20T10:48:28Z,,,,http://creativecommons.org/licenses/by/4.0/,"The Trustees of the Natural History Museum, London"
1057384090,StillImage,image/jpeg,https://data.nhm.ac.uk/media/b2b8bb96-9787-4db4-89a5-c8399e3a41b6,,1880.2.26.18-25a; Stygogenes guentheri; dorsal view; ACSI Project image,,,,2011-04-07T16:09:06Z,Mark Allen,,,http://creativecommons.org/licenses/by/4.0/,"The Trustees of the Natural History Museum, London"
1057384090,StillImage,image/jpeg,https://data.nhm.ac.uk/media/d2000f93-e37d-4333-8dcc-cd1dc6a88b86,,1880.2.26.18-25dg; Stygogenes guentheri; lateral view; ACSI Project image,,,,2011-04-07T16:10:39Z,Mark Allen,,,http://creativecommons.org/licenses/by/4.0/,"The Trustees of the Natural History Museum, London"
1057384090,StillImage,image/jpeg,https://data.nhm.ac.uk/media/bacc5eed-b0b1-4bda-84b8-d5d6a75d9b0e,,1880.2.26.18-25dh; Stygogenes guentheri; dorsal view; ACSI Project image,,,,2011-04-07T16:10:54Z,Mark Allen,,,http://creativecommons.org/licenses/by/4.0/,"The Trustees of the Natural History Museum, London"
1057384090,StillImage,image/jpeg,https://data.nhm.ac.uk/media/95933cda-ac4b-4eed-ba53-d0b5a9d54348,,1880.2.26.18-25de; Stygogenes guentheri; dorsal view; ACSI Project image,,,,2011-04-07T16:09:49Z,Mark Allen,,,http://creativecommons.org/licenses/by/4.0/,"The Trustees of the Natural History Museum, London"
1057384090,StillImage,image/jpeg,https://data.nhm.ac.uk/media/ccd77fe0-ff1a-4a42-a0e6-6d7f7325cb69,,1880.2.26.18-25d; Stygogenes guentheri; dorsal view; ACSI Project image,,,,2011-04-07T16:11:16Z,Mark Allen,,,http://creativecommons.org/licenses/by/4.0/,"The Trustees of the Natural History Museum, London"
1057384090,StillImage,image/jpeg,https://data.nhm.ac.uk/media/502a7af1-d9f0-4a02-be83-cc88f8059f49,,1880.2.26.18-25; Stygogenes guentheri; image of jar label; ACSI project image,,,,2011-04-14T09:33:24Z,Mark Allen,,,http://creativecommons.org/licenses/by/4.0/,"The Trustees of the Natural History Museum, London"
1057384090,StillImage,image/jpeg,https://data.nhm.ac.uk/media/9bce5b21-66e6-4800-bfc0-eceb37d8da84,,1880.2.26.18-25de; Stygogenes guentheri; lateral view; ACSI Project image,,,,2011-04-07T16:09:56Z,Mark Allen,,,http://creativecommons.org/licenses/by/4.0/,"The Trustees of the Natural History Museum, London"
1057384090,StillImage,image/jpeg,https://data.nhm.ac.uk/media/3bd7ae27-ee02-4e60-95c0-4a45e99d81dc,,1880.2.26.18-25dh; Stygogenes guentheri; ventral view; ACSI Project image,,,,2011-04-07T16:11:08Z,Mark Allen,,,http://creativecommons.org/licenses/by/4.0/,"The Trustees of the Natural History Museum, London"
1057369712,StillImage,image/jpeg,https://data.nhm.ac.uk/media/d70af1b1-66ca-4031-b8fa-3770eb4e669c,,1889.2.1.4397; Arges fissidens; dorsal view; ACSI Project image,,,,2011-04-07T16:13:34Z,Mark Allen,,,http://creativecommons.org/licenses/by/4.0/,"The Trustees of the Natural History Museum, London"
1057369712,StillImage,image/jpeg,https://data.nhm.ac.uk/media/688b0a83-eaf3-499a-ba62-48aaf7b9ca64,,1889.2.1.4397; Arges fissidens; ventral view; ACSI Project image,,,,2011-04-07T16:13:52Z,Mark Allen,,,http://creativecommons.org/licenses/by/4.0/,"The Trustees of the Natural History Museum, London"
1057369712,StillImage,image/jpeg,https://data.nhm.ac.uk/media/d98cffbe-cbea-4b18-8c5f-e4a2a1856e29,,Zoology Accessions Register: Reptiles & Fishes: 1878 - 1892: page 299,,,,2003-08-20T10:48:46Z,,,,http://creativecommons.org/licenses/by/4.0/,"The Trustees of the Natural History Museum, London"
1057369712,StillImage,image/jpeg,https://data.nhm.ac.uk/media/3ef69c2f-fdf0-4074-91f8-27616dacbf6c,,1889.2.1.4397; Arges fissidens; lateral view; ACSI Project image,,,,2011-04-07T16:13:45Z,Mark Allen,,,http://creativecommons.org/licenses/by/4.0/,"The Trustees of the Natural History Museum, London"
1057369672,StillImage,image/jpeg,https://data.nhm.ac.uk/media/d98cffbe-cbea-4b18-8c5f-e4a2a1856e29,,Zoology Accessions Register: Reptiles & Fishes: 1878 - 1892: page 299,,,,2003-08-20T10:48:46Z,,,,http://creativecommons.org/licenses/by/4.0/,"The Trustees of the Natural History Museum, London"
1057281780,StillImage,image/jpeg,https://data.nhm.ac.uk/media/c9537e11-a92a-4dad-a8d4-4517bbf3eef9,,Zoology Accessions Register: Fishes: 1912 - 1936: page 43,,,,2003-08-20T10:50:16Z,,,,http://creativecommons.org/licenses/by/4.0/,"The Trustees of the Natural History Museum, London"
1057230973,StillImage,image/jpeg,https://data.nhm.ac.uk/media/f3bf21cd-249b-4929-95ec-db3a91aa07e6,,Zoology Accessions Register: Fishes: 1937 - 1960: page 6,,,,2003-08-20T10:49:58Z,,,,http://creativecommons.org/licenses/by/4.0/,"The Trustees of the Natural History Museum, London"
1057209179,StillImage,image/jpeg,https://data.nhm.ac.uk/media/4f3693f5-b1dd-43a1-8c9a-30c5ed32c6ca,,Zoology Accessions Register: Fishes: 1961 - 1971: page 161,,,,2003-08-20T10:44:40Z,,,,http://creativecommons.org/licenses/by/4.0/,"The Trustees of the Natural History Museum, London"
1057163193,StillImage,image/jpeg,https://data.nhm.ac.uk/media/6feb354d-4add-427b-8f39-10f3ae1cd37c,,Zoology Accessions Register: Fishes: 1912 - 1936: page 60,,,,2003-08-20T10:50:17Z,,,,http://creativecommons.org/licenses/by/4.0/,"The Trustees of the Natural History Museum, London"
1057158908,StillImage,image/jpeg,https://data.nhm.ac.uk/media/6feb354d-4add-427b-8f39-10f3ae1cd37c,,Zoology Accessions Register: Fishes: 1912 - 1936: page 60,,,,2003-08-20T10:50:17Z,,,,http://creativecommons.org/licenses/by/4.0/,"The Trustees of the Natural History Museum, London"
1057121546,StillImage,image/jpeg,https://data.nhm.ac.uk/media/0b8e71a0-1e60-468b-b976-040e0ffacd10,,1898.11.4.23-9b; Arges festae; lateral view; ACSI Project image,,,,2011-04-07T16:35:59Z,Mark Allen,,,http://creativecommons.org/licenses/by/4.0/,"The Trustees of the Natural History Museum, London"
1057121546,StillImage,image/jpeg,https://data.nhm.ac.uk/media/53cd78cb-487f-4f20-98ce-db1b556a52a5,,1898.11.4.23-9c; Arges festae; dorsal view; ACSI Project image,,,,2011-04-07T16:36:13Z,Mark Allen,,,http://creativecommons.org/licenses/by/4.0/,"The Trustees of the Natural History Museum, London"
1057121546,StillImage,image/jpeg,https://data.nhm.ac.uk/media/27d40ffb-94d6-4642-bf52-70fafa61b6ae,,1898.11.4.23-9a; Arges festae; ventral view; ACSI Project image,,,,2011-04-07T16:35:45Z,Mark Allen,,,http://creativecommons.org/licenses/by/4.0/,"The Trustees of the Natural History Museum, London"
1057121546,StillImage,image/jpeg,https://data.nhm.ac.uk/media/2c13c50d-e007-445c-b622-a1b9bcd69756,,1898.11.4.23-9d; Arges festae; ventral view; ACSI Project image,,,,2011-04-07T16:36:47Z,Mark Allen,,,http://creativecommons.org/licenses/by/4.0/,"The Trustees of the Natural History Museum, London"
1057121546,StillImage,image/jpeg,https://data.nhm.ac.uk/media/1732db3c-b427-40a3-90bd-b9b19537b0ef,,Zoology Accessions Register: Reptiles & Fishes: 1893 - 1903: page 214,,,,2003-08-20T10:48:04Z,,,,http://creativecommons.org/licenses/by/4.0/,"The Trustees of the Natural History Museum, London"
1057121546,StillImage,image/jpeg,https://data.nhm.ac.uk/media/ce9c8ed2-2801-4e87-9491-6f7581a68717,,1898.11.4.23-9f; Arges festae; lateral view; ACSI Project image,,,,2011-04-07T16:37:21Z,Mark Allen,,,http://creativecommons.org/licenses/by/4.0/,"The Trustees of the Natural History Museum, London"
1057121546,StillImage,image/jpeg,https://data.nhm.ac.uk/media/cb6125ed-0ddd-4ea6-9b5e-ae76db6d1dd1,,1898.11.4.23-9d; Arges festae; dorsal view; ACSI Project image,,,,2011-04-07T16:36:33Z,Mark Allen,,,http://creativecommons.org/licenses/by/4.0/,"The Trustees of the Natural History Museum, London"
1057121546,StillImage,image/jpeg,https://data.nhm.ac.uk/media/a052ff93-bcf2-4740-b83c-2eaa0eb40545,,1898.11.4.23-9b; Arges festae; ventral view; ACSI Project image,,,,2011-04-07T16:36:06Z,Mark Allen,,,http://creativecommons.org/licenses/by/4.0/,"The Trustees of the Natural History Museum, London"
1057121546,StillImage,image/jpeg,https://data.nhm.ac.uk/media/bb4d4e81-4796-4301-b281-111f65b860cd,,1898.11.4.23-9c; Arges festae; lateral view; ACSI Project image,,,,2011-04-07T16:36:20Z,Mark Allen,,,http://creativecommons.org/licenses/by/4.0/,"The Trustees of the Natural History Museum, London"
1057121546,StillImage,image/jpeg,https://data.nhm.ac.uk/media/96bdd80c-6b07-41bd-843b-dd5159bd13e3,,1898.11.4.23-9e; Arges festae; lateral view; ACSI Project image,,,,2011-04-07T16:37:00Z,Mark Allen,,,http://creativecommons.org/licenses/by/4.0/,"The Trustees of the Natural History Museum, London"
1057121546,StillImage,image/jpeg,https://data.nhm.ac.uk/media/3b0d10be-daaa-4be5-a540-52de07424355,,1898.11.4.23-9; Arges festae; image of jar label; ACSI project image,,,,2011-04-14T09:42:40Z,Mark Allen,,,http://creativecommons.org/licenses/by/4.0/,"The Trustees of the Natural History Museum, London"
1057121546,StillImage,image/jpeg,https://data.nhm.ac.uk/media/21f24db2-5323-459f-8478-c8e0a14a0433,,1898.11.4.23-9a; Arges festae; dorsal view; ACSI Project image,,,,2011-04-07T16:35:31Z,Mark Allen,,,http://creativecommons.org/licenses/by/4.0/,"The Trustees of the Natural History Museum, London"
1057121546,StillImage,image/jpeg,https://data.nhm.ac.uk/media/de3f100f-e66a-4b53-a702-29ca4ca9f9a4,,1898.11.4.23-9g; Arges festae; type; ACSI Project image,,,,2011-03-31T15:44:48Z,Mark Allen,,,http://creativecommons.org/licenses/by/4.0/,"The Trustees of the Natural History Museum, London"
1057121546,StillImage,image/jpeg,https://data.nhm.ac.uk/media/64525bcd-2817-4a70-8a3c-ebf844d74453,,1898.11.4.23-9c; Arges festae; ventral view; ACSI Project image,,,,2011-04-07T16:36:26Z,Mark Allen,,,http://creativecommons.org/licenses/by/4.0/,"The Trustees of the Natural History Museum, London"
1057121546,StillImage,image/jpeg,https://data.nhm.ac.uk/media/070d9186-e3ab-45ec-ad2c-4b7eec0b67c7,,1898.11.4.23-9d; Arges festae; lateral view; ACSI Project image,,,,2011-04-07T16:36:40Z,Mark Allen,,,http://creativecommons.org/licenses/by/4.0/,"The Trustees of the Natural History Museum, London"
1057121546,StillImage,image/jpeg,https://data.nhm.ac.uk/media/4f3d2aa4-377d-418e-92a5-51d0b1940803,,1898.11.4.23-9e; Arges festae; ventral view; ACSI Project image,,,,2011-04-07T16:37:07Z,Mark Allen,,,http://creativecommons.org/licenses/by/4.0/,"The Trustees of the Natural History Museum, London"
1057121546,StillImage,image/jpeg,https://data.nhm.ac.uk/media/c6dd8dd5-51eb-4439-a84a-ee463ad80567,,1898.11.4.23-9e; Arges festae; dorsal view; ACSI Project image,,,,2011-04-07T16:36:53Z,Mark Allen,,,http://creativecommons.org/licenses/by/4.0/,"The Trustees of the Natural History Museum, London"
1057121546,StillImage,image/jpeg,https://data.nhm.ac.uk/media/2d91fbe3-0453-4982-a1d2-652aa60819f1,,1898.11.4.23-9b; Arges festae; dorsal view; ACSI Project image,,,,2011-04-07T16:35:52Z,Mark Allen,,,http://creativecommons.org/licenses/by/4.0/,"The Trustees of the Natural History Museum, London"
1057121546,StillImage,image/jpeg,https://data.nhm.ac.uk/media/623f90d0-12c3-424e-9054-26b442b8e9fe,,1898.11.4.23-9f; Arges festae; dorsal view; ACSI Project image,,,,2011-04-07T16:37:14Z,Mark Allen,,,http://creativecommons.org/licenses/by/4.0/,"The Trustees of the Natural History Museum, London"
1057121546,StillImage,image/jpeg,https://data.nhm.ac.uk/media/39badcc3-2b42-4692-b63d-505907f27cb3,,1898.11.4.23-9a; Arges festae; lateral view; ACSI Project image,,,,2011-04-07T16:35:38Z,Mark Allen,,,http://creativecommons.org/licenses/by/4.0/,"The Trustees of the Natural History Museum, London"
1057121546,StillImage,image/jpeg,https://data.nhm.ac.uk/media/afe9b881-9708-4f89-a2b7-4c0f4ee515b5,,1898.11.4.23-9f; Arges festae; ventral view; ACSI Project image,,,,2011-04-07T16:37:28Z,Mark Allen,,,http://creativecommons.org/licenses/by/4.0/,"The Trustees of the Natural History Museum, London"
1057107656,StillImage,image/jpeg,https://data.nhm.ac.uk/media/76619ff5-aa0a-4260-9d55-231e8377a350,,Zoology Accessions Register: Fishes: 1971 - 1985: page 247,,,,2003-08-20T10:49:42Z,,,,http://creativecommons.org/licenses/by/4.0/,"The Trustees of the Natural History Museum, London"
1057084380,StillImage,image/jpeg,https://data.nhm.ac.uk/media/4f3693f5-b1dd-43a1-8c9a-30c5ed32c6ca,,Zoology Accessions Register: Fishes: 1961 - 1971: page 161,,,,2003-08-20T10:44:40Z,,,,http://creativecommons.org/licenses/by/4.0/,"The Trustees of the Natural History Museum, London"
1057000390,StillImage,image/jpeg,https://data.nhm.ac.uk/media/6feb354d-4add-427b-8f39-10f3ae1cd37c,,Zoology Accessions Register: Fishes: 1912 - 1936: page 60,,,,2003-08-20T10:50:17Z,,,,http://creativecommons.org/licenses/by/4.0/,"The Trustees of the Natural History Museum, London"
1057000092,StillImage,image/jpeg,https://data.nhm.ac.uk/media/ee47de48-65cd-4d5d-8cee-44efa37f6c54,,1887.1.7.1; Arges whymperi; image of jar label; ACSI project image,,,,2011-04-14T09:34:05Z,Mark Allen,,,http://creativecommons.org/licenses/by/4.0/,"The Trustees of the Natural History Museum, London"
1057000092,StillImage,image/jpeg,https://data.nhm.ac.uk/media/29d2a382-af96-44d2-b7e3-d4191c512992,,1887.1.7.1; Arges whymperi; type; ACSI Project image,,,,2011-03-31T15:28:46Z,Mark Allen,,,http://creativecommons.org/licenses/by/4.0/,"The Trustees of the Natural History Museum, London"
1057000092,StillImage,image/jpeg,https://data.nhm.ac.uk/media/5975972a-56aa-4ba7-b129-0b8659dda8a7,,Zoology Accessions Register: Reptiles & Fishes: 1878 - 1892: page 209,,,,2003-08-20T10:48:39Z,,,,http://creativecommons.org/licenses/by/4.0/,"The Trustees of the Natural History Museum, London"
1056971391,StillImage,image/jpeg,https://data.nhm.ac.uk/media/6feb354d-4add-427b-8f39-10f3ae1cd37c,,Zoology Accessions Register: Fishes: 1912 - 1936: page 60,,,,2003-08-20T10:50:17Z,,,,http://creativecommons.org/licenses/by/4.0/,"The Trustees of the Natural History Museum, London"
1056914237,StillImage,image/jpeg,https://data.nhm.ac.uk/media/d2695d08-2b6d-4250-9aae-b401eb0128a1,,1912.3.2.7; Arges cirratus; type; ACSI Project image,,,,2011-03-31T14:44:17Z,Mark Allen,,,http://creativecommons.org/licenses/by/4.0/,"The Trustees of the Natural History Museum, London"
1056914237,StillImage,image/jpeg,https://data.nhm.ac.uk/media/47a8bca2-8c86-4717-af61-6c3d26d3eca4,,1912.3.2.7; Arges cirratus; image of jar label; ACSI project image,,,,2011-04-14T10:01:02Z,Mark Allen,,,http://creativecommons.org/licenses/by/4.0/,"The Trustees of the Natural History Museum, London"
1056914237,StillImage,image/jpeg,https://data.nhm.ac.uk/media/f41aabd1-5235-4290-831b-8602fe7a2700,,Zoology Accessions Register: Fishes: 1912 - 1936: page 2,,,,2003-08-20T10:50:14Z,,,,http://creativecommons.org/licenses/by/4.0/,"The Trustees of the Natural History Museum, London"
1056886753,StillImage,image/jpeg,https://data.nhm.ac.uk/media/743b0ec5-cfa8-4c86-8781-90b6b7cd8815,,1900.6.20.51-5a; Arges simonsii; lateral view; ACSI Project image,,,,2011-04-07T16:42:25Z,Mark Allen,,,http://creativecommons.org/licenses/by/4.0/,"The Trustees of the Natural History Museum, London"
1056886753,StillImage,image/jpeg,https://data.nhm.ac.uk/media/8291d75b-7472-4816-be24-d94ffdf33402,,1900.6.20.51-5e; Arges simonsii; lateral view; ACSI Project image,,,,2011-04-07T16:43:37Z,Mark Allen,,,http://creativecommons.org/licenses/by/4.0/,"The Trustees of the Natural History Museum, London"
1056886753,StillImage,image/jpeg,https://data.nhm.ac.uk/media/44b3382a-7396-4034-98fd-6397335f5bdf,,1900.6.20.51-5b; Arges simonsii; ventral view; ACSI Project image,,,,2011-04-07T16:43:00Z,Mark Allen,,,http://creativecommons.org/licenses/by/4.0/,"The Trustees of the Natural History Museum, London"
1056886753,StillImage,image/jpeg,https://data.nhm.ac.uk/media/0e6cb47b-15ba-4fc1-8c0b-44691a656c80,,1900.6.20.51-5a; Arges simonsii; dorsal view; ACSI Project image,,,,2011-04-07T16:42:18Z,Mark Allen,,,http://creativecommons.org/licenses/by/4.0/,"The Trustees of the Natural History Museum, London"
1056886753,StillImage,image/jpeg,https://data.nhm.ac.uk/media/669834a5-48c7-4be5-b9d6-a2981d63b5dc,,1900.6.20.51-5e; Arges simonsii; dorsal view; ACSI Project image,,,,2011-04-07T16:43:30Z,Mark Allen,,,http://creativecommons.org/licenses/by/4.0/,"The Trustees of the Natural History Museum, London"
1056886753,StillImage,image/jpeg,https://data.nhm.ac.uk/media/e09a26aa-8407-46c5-9480-b0e58c3c62cf,,1900.6.20.51-5a; Arges simonsii; ventral view; ACSI Project image,,,,2011-04-07T16:42:32Z,Mark Allen,,,http://creativecommons.org/licenses/by/4.0/,"The Trustees of the Natural History Museum, London"
1056886753,StillImage,image/jpeg,https://data.nhm.ac.uk/media/036dac2d-063f-4a84-96ba-894170f5573c,,Zoology Accessions Register: Reptiles & Fishes: 1893 - 1903: page 264,,,,2003-08-20T10:48:11Z,,,,http://creativecommons.org/licenses/by/4.0/,"The Trustees of the Natural History Museum, London"
1056886753,StillImage,image/jpeg,https://data.nhm.ac.uk/media/2960ce0e-b6c3-489a-91ff-8bfffc586f0a,,1900.6.20.51-5b; Arges simonsii; lateral view; ACSI Project image,,,,2011-04-07T16:42:53Z,Mark Allen,,,http://creativecommons.org/licenses/by/4.0/,"The Trustees of the Natural History Museum, London"
1056886753,StillImage,image/jpeg,https://data.nhm.ac.uk/media/278ddc6e-6282-4273-b836-d131e01be522,,1900.6.20.51-5; Arges simonsii; image of jar label; ACSI project image,,,,2011-04-14T09:45:03Z,Mark Allen,,,http://creativecommons.org/licenses/by/4.0/,"The Trustees of the Natural History Museum, London"
1056886753,StillImage,image/jpeg,https://data.nhm.ac.uk/media/2adb81c9-7ba2-4052-ac53-5322b11c1823,,1900.6.20.51-5b; Arges simonsii; dorsal view; ACSI Project image,,,,2011-04-07T16:42:38Z,Mark Allen,,,http://creativecommons.org/licenses/by/4.0/,"The Trustees of the Natural History Museum, London"
1056886753,StillImage,image/jpeg,https://data.nhm.ac.uk/media/a9f0f96a-692a-4a25-bcac-6fbed1313a85,,1900.6.20.51-5e; Arges simonsii; ventral view; ACSI Project image,,,,2011-04-07T16:43:45Z,Mark Allen,,,http://creativecommons.org/licenses/by/4.0/,"The Trustees of the Natural History Museum, London"
1056886753,StillImage,image/jpeg,https://data.nhm.ac.uk/media/76d22e8b-614c-4cef-a2fd-89aca714d109,,1900.6.20.51-5c; Arges simonsii; lateral view; ACSI Project image,,,,2011-04-07T16:43:16Z,Mark Allen,,,http://creativecommons.org/licenses/by/4.0/,"The Trustees of the Natural History Museum, London"
1056886753,StillImage,image/jpeg,https://data.nhm.ac.uk/media/e15d71ac-b71c-4c3c-b2f4-2357ca3eae9e,,1900.6.20.51-5c; Arges simonsii; dorsal view; ACSI Project image,,,,2011-04-07T16:43:07Z,Mark Allen,,,http://creativecommons.org/licenses/by/4.0/,"The Trustees of the Natural History Museum, London"
1056886753,StillImage,image/jpeg,https://data.nhm.ac.uk/media/33cf2d84-ab58-4a9b-b13d-53835adb4ab6,,1900.6.20.51-5d; Arges simonsii; type; ACSI Project image,,,,2011-03-31T15:48:02Z,Mark Allen,,,http://creativecommons.org/licenses/by/4.0/,"The Trustees of the Natural History Museum, London"
1056886753,StillImage,image/jpeg,https://data.nhm.ac.uk/media/cc8879e6-813d-4d43-ad8a-0ae34baf70f4,,1900.6.20.51-5c; Arges simonsii; ventral view; ACSI Project image,,,,2011-04-07T16:43:23Z,Mark Allen,,,http://creativecommons.org/licenses/by/4.0/,"The Trustees of the Natural History Museum, London"
1056776648,StillImage,image/jpeg,https://data.nhm.ac.uk/media/32c4d6c5-af56-41b2-bc44-5cb1952ee98c,,Zoology Accessions Register: Reptiles & Fishes: 1904 - 1925: page 173,,,,2003-08-20T10:47:13Z,,,,http://creativecommons.org/licenses/by/4.0/,"The Trustees of the Natural History Museum, London"
1056733644,StillImage,image/jpeg,https://data.nhm.ac.uk/media/872cb1ac-baae-41e0-8ee6-b495ffbe9f86,,1899.8.21.10-11b; Arges marmoratus; lateral view; ACSI Project image,,,,2011-04-07T16:41:43Z,Mark Allen,,,http://creativecommons.org/licenses/by/4.0/,"The Trustees of the Natural History Museum, London"
1056733644,StillImage,image/jpeg,https://data.nhm.ac.uk/media/3ef1f222-d503-4ea8-80f4-2631c279abc1,,Zoology Accessions Register: Reptiles & Fishes: 1893 - 1903: page 241,,,,2003-08-20T10:48:08Z,,,,http://creativecommons.org/licenses/by/4.0/,"The Trustees of the Natural History Museum, London"
1056733644,StillImage,image/jpeg,https://data.nhm.ac.uk/media/f2610bed-4554-41dc-b016-61335c662ea3,,1899.8.21.10-11a; Arges marmoratus; type; ACSI Project image,,,,2011-03-31T15:46:35Z,Mark Allen,,,http://creativecommons.org/licenses/by/4.0/,"The Trustees of the Natural History Museum, London"
1056733644,StillImage,image/jpeg,https://data.nhm.ac.uk/media/7ed63e18-5aad-459b-a6b7-8ffd4304af88,,1899.8.21.10-11b; Arges marmoratus; dorsal view; ACSI Project image,,,,2011-04-07T16:41:35Z,Mark Allen,,,http://creativecommons.org/licenses/by/4.0/,"The Trustees of the Natural History Museum, London"
1056733644,StillImage,image/jpeg,https://data.nhm.ac.uk/media/703b0877-8df8-496a-bf10-fe8c13189059,,1899.8.21.10-11; Arges marmoratus; image of jar label; ACSI project image,,,,2011-04-14T09:44:02Z,Mark Allen,,,http://creativecommons.org/licenses/by/4.0/,"The Trustees of the Natural History Museum, London"
1056733644,StillImage,image/jpeg,https://data.nhm.ac.uk/media/1f2d3e35-e08c-4b43-a50e-ed8a01265677,,1899.8.21.10-11b; Arges marmoratus; ventral view; ACSI Project image,,,,2011-04-07T16:41:49Z,Mark Allen,,,http://creativecommons.org/licenses/by/4.0/,"The Trustees of the Natural History Museum, London"
1056730413,StillImage,image/jpeg,https://data.nhm.ac.uk/media/6a4d007d-76a6-4936-ae2c-2b026d10974d,,Zoology Accessions Register: Reptiles & Fishes: 1904 - 1925: page 263,,,,2003-08-20T10:47:21Z,,,,http://creativecommons.org/licenses/by/4.0/,"The Trustees of the Natural History Museum, London"
1056649668,StillImage,image/jpeg,https://data.nhm.ac.uk/media/6feb354d-4add-427b-8f39-10f3ae1cd37c,,Zoology Accessions Register: Fishes: 1912 - 1936: page 60,,,,2003-08-20T10:50:17Z,,,,http://creativecommons.org/licenses/by/4.0/,"The Trustees of the Natural History Museum, London"
1056634970,StillImage,image/jpeg,https://data.nhm.ac.uk/media/afd7819d-3639-4901-a70c-36f6fb79ca2a,,1897.2.16.2-4c; Arges vaillanti; ventral view; ACSI Project image,,,,2011-04-07T16:35:24Z,Mark Allen,,,http://creativecommons.org/licenses/by/4.0/,"The Trustees of the Natural History Museum, London"
1056634970,StillImage,image/jpeg,https://data.nhm.ac.uk/media/da84f250-a5a5-4259-9467-1496e931d131,,1897.2.16.2-4c; Arges vaillanti; lateral view; ACSI Project image,,,,2011-04-07T16:35:17Z,Mark Allen,,,http://creativecommons.org/licenses/by/4.0/,"The Trustees of the Natural History Museum, London"
1056634970,StillImage,image/jpeg,https://data.nhm.ac.uk/media/399c5d9a-7e47-48ef-8986-5ea34e855e77,,Zoology Accessions Register: Reptiles & Fishes: 1893 - 1903: page 146,,,,2003-08-20T10:47:54Z,,,,http://creativecommons.org/licenses/by/4.0/,"The Trustees of the Natural History Museum, London"
1056634970,StillImage,image/jpeg,https://data.nhm.ac.uk/media/b52b1dfe-59d1-4fd9-a973-e8ea890869fe,,1897.2.16.2-4c; Arges vaillanti; dorsal view; ACSI Project image,,,,2011-04-07T16:35:10Z,Mark Allen,,,http://creativecommons.org/licenses/by/4.0/,"The Trustees of the Natural History Museum, London"
1056634970,StillImage,image/jpeg,https://data.nhm.ac.uk/media/fc873ae9-7d3a-4f5e-9af9-7f26becbb19a,,1897.2.16.2-4a; Arges vaillanti; type; ACSI Project image,,,,2011-03-31T15:43:45Z,Mark Allen,,,http://creativecommons.org/licenses/by/4.0/,"The Trustees of the Natural History Museum, London"
1056634970,StillImage,image/jpeg,https://data.nhm.ac.uk/media/6af21662-843a-4d6e-9b10-9946d5d4c060,,1897.2.16.2-4b; Arges vaillanti; dorsal view; ACSI Project image,,,,2011-04-07T16:34:49Z,Mark Allen,,,http://creativecommons.org/licenses/by/4.0/,"The Trustees of the Natural History Museum, London"
1056634970,StillImage,image/jpeg,https://data.nhm.ac.uk/media/0b8f470e-bcc8-4600-b6c3-789c67df7650,,1897.2.16.2-4b; Arges vaillanti; ventral view; ACSI Project image,,,,2011-04-07T16:35:03Z,Mark Allen,,,http://creativecommons.org/licenses/by/4.0/,"The Trustees of the Natural History Museum, London"
1056634970,StillImage,image/jpeg,https://data.nhm.ac.uk/media/961ecbdf-b380-4024-90bc-e9e4bd96fd72,,1897.2.16.2-4b; Arges vaillanti; lateral view; ACSI Project image,,,,2011-04-07T16:34:56Z,Mark Allen,,,http://creativecommons.org/licenses/by/4.0/,"The Trustees of the Natural History Museum, London"
1056634970,StillImage,image/jpeg,https://data.nhm.ac.uk/media/aefaef65-b391-472a-a90f-42781bef3668,,1897.2.16.2-4; Arges vaillanti; image of jar label; ACSI project image,,,,2011-04-14T09:41:59Z,Mark Allen,,,http://creativecommons.org/licenses/by/4.0/,"The Trustees of the Natural History Museum, London"
1056628149,StillImage,image/jpeg,https://data.nhm.ac.uk/media/1732db3c-b427-40a3-90bd-b9b19537b0ef,,Zoology Accessions Register: Reptiles & Fishes: 1893 - 1903: page 214,,,,2003-08-20T10:48:04Z,,,,http://creativecommons.org/licenses/by/4.0/,"The Trustees of the Natural History Museum, London"
1056581646,StillImage,image/jpeg,https://data.nhm.ac.uk/media/3c5a55f0-8305-45a0-8d08-f9fc450e1ab7,,1890.6.13.12-3a; Arges boulengeri; type; ACSI Project image,,,,2011-03-31T15:31:33Z,Mark Allen,,,http://creativecommons.org/licenses/by/4.0/,"The Trustees of the Natural History Museum, London"
1056581646,StillImage,image/jpeg,https://data.nhm.ac.uk/media/8bb77565-bdd3-40aa-bdc7-a3853128514b,,Zoology Accessions Register: Reptiles & Fishes: 1878 - 1892: page 339,,,,2003-08-20T10:48:50Z,,,,http://creativecommons.org/licenses/by/4.0/,"The Trustees of the Natural History Museum, London"
1056581646,StillImage,image/jpeg,https://data.nhm.ac.uk/media/39451f71-ba86-468a-9fd9-ff4e4530899a,,1890.6.13.12-3; Arges boulengeri; image of jar label; ACSI project image,,,,2011-04-14T09:35:44Z,Mark Allen,,,http://creativecommons.org/licenses/by/4.0/,"The Trustees of the Natural History Museum, London"
1056560277,StillImage,image/jpeg,https://data.nhm.ac.uk/media/fdff1560-5495-4aeb-9ad8-b8e9cb219d6e,,Zoology Accessions Register: Reptiles & Fishes: 1878 - 1892: page 407,,,,2003-08-20T10:48:56Z,,,,http://creativecommons.org/licenses/by/4.0/,"The Trustees of the Natural History Museum, London"
1056550054,StillImage,image/jpeg,https://data.nhm.ac.uk/media/846625e4-7f78-4933-9ff0-6a28e9cacbad,,Zoology Accessions Register: Fishes: 1986 - 1994: page 18,,,,2003-08-20T10:49:28Z,,,,http://creativecommons.org/licenses/by/4.0/,"The Trustees of the Natural History Museum, London"
1056549479,StillImage,image/jpeg,https://data.nhm.ac.uk/media/e20c0b93-9645-48ac-9272-5f6c0a4f1e29,,Zoology Accessions Register: Reptiles & Fishes: 1893 - 1903: page 317,,,,2003-08-20T10:48:19Z,,,,http://creativecommons.org/licenses/by/4.0/,"The Trustees of the Natural History Museum, London"
1056549479,StillImage,image/jpeg,https://data.nhm.ac.uk/media/92859a8a-ff0a-4b4c-8bfe-e68d32ed1e17,,1902.5.15.27; Arges homodon; image of jar label; ACSI project image,,,,2011-04-14T09:47:40Z,Mark Allen,,,http://creativecommons.org/licenses/by/4.0/,"The Trustees of the Natural History Museum, London"
1056549479,StillImage,image/jpeg,https://data.nhm.ac.uk/media/080e6c0f-cd73-4984-9ce2-a1bc3360ec86,,1902.5.15.27; Arges homodon; type; ACSI Project image,,,,2011-03-31T15:51:38Z,Mark Allen,,,http://creativecommons.org/licenses/by/4.0/,"The Trustees of the Natural History Museum, London"
1056501528,StillImage,image/jpeg,https://data.nhm.ac.uk/media/37fc880a-7133-4cca-88eb-18ddce4a7e8f,,Zoology Accessions Register: Reptiles & Fishes: 1893 - 1903: page 372,,,,2003-08-20T10:48:24Z,,,,http://creativecommons.org/licenses/by/4.0/,"The Trustees of the Natural History Museum, London"
1056406088,StillImage,image/jpeg,https://data.nhm.ac.uk/media/1732db3c-b427-40a3-90bd-b9b19537b0ef,,Zoology Accessions Register: Reptiles & Fishes: 1893 - 1903: page 214,,,,2003-08-20T10:48:04Z,,,,http://creativecommons.org/licenses/by/4.0/,"The Trustees of the Natural History Museum, London"
1056330002,StillImage,image/jpeg,https://data.nhm.ac.uk/media/204eff18-285c-4dac-97e1-5876c92d92d8,,Zoology Accessions Register: Reptiles & Fishes: 1893 - 1903: page 375,,,,2003-08-20T10:48:24Z,,,,http://creativecommons.org/licenses/by/4.0/,"The Trustees of the Natural History Museum, London"
1056302149,StillImage,image/jpeg,https://data.nhm.ac.uk/media/797c4a66-ad00-4a22-a462-2426c18b5218,,Zoology Accessions Register: Mammals: 1854 - 1861: page 29,,,,2003-08-20T10:52:12Z,,,,http://creativecommons.org/licenses/by/4.0/,"The Trustees of the Natural History Museum, London"
1056217662,StillImage,image/jpeg,https://data.nhm.ac.uk/media/6feb354d-4add-427b-8f39-10f3ae1cd37c,,Zoology Accessions Register: Fishes: 1912 - 1936: page 60,,,,2003-08-20T10:50:17Z,,,,http://creativecommons.org/licenses/by/4.0/,"The Trustees of the Natural History Museum, London"
1056176447,StillImage,image/jpeg,https://data.nhm.ac.uk/media/5acc160a-1cd6-408b-9801-917d68debf05,,Zoology Accessions Register: Fishes: 1971 - 1985: page 387,,,,2003-08-20T10:49:46Z,,,,http://creativecommons.org/licenses/by/4.0/,"The Trustees of the Natural History Museum, London"
1056169958,StillImage,image/jpeg,https://data.nhm.ac.uk/media/6feb354d-4add-427b-8f39-10f3ae1cd37c,,Zoology Accessions Register: Fishes: 1912 - 1936: page 60,,,,2003-08-20T10:50:17Z,,,,http://creativecommons.org/licenses/by/4.0/,"The Trustees of the Natural History Museum, London"
1056112770,StillImage,image/jpeg,https://data.nhm.ac.uk/media/d221c0f9-ca5e-481b-b10e-c6d49b066301,,Zoology Accessions Register: Fishes: 1971 - 1985: page 263,,,,2003-08-20T10:49:43Z,,,,http://creativecommons.org/licenses/by/4.0/,"The Trustees of the Natural History Museum, London"
1056042218,StillImage,image/jpeg,https://data.nhm.ac.uk/media/806319ad-58e7-4a72-a0ba-fa7a27f5a4a5,,Zoology Accessions Register: Reptiles & Fishes: 1864 - 1877: page 411,,,,2003-08-20T10:49:23Z,,,,http://creativecommons.org/licenses/by/4.0/,"The Trustees of the Natural History Museum, London"
1056015808,StillImage,image/jpeg,https://data.nhm.ac.uk/media/c03f59dc-2cc6-4cd0-a62c-cd2474a62d89,,1908.5.29.80; Arges heterodon; type; ACSI Project image,,,,2011-03-31T16:04:54Z,Mark Allen,,,http://creativecommons.org/licenses/by/4.0/,"The Trustees of the Natural History Museum, London"
1056015808,StillImage,image/jpeg,https://data.nhm.ac.uk/media/32c4d6c5-af56-41b2-bc44-5cb1952ee98c,,Zoology Accessions Register: Reptiles & Fishes: 1904 - 1925: page 173,,,,2003-08-20T10:47:13Z,,,,http://creativecommons.org/licenses/by/4.0/,"The Trustees of the Natural History Museum, London"
1056015808,StillImage,image/jpeg,https://data.nhm.ac.uk/media/dbc8951b-756b-4677-98e2-f9b7df3ca1c3,,1908.5.29.80; Arges heterodon; image of jar label; ACSI project image,,,,2011-04-14T09:57:29Z,Mark Allen,,,http://creativecommons.org/licenses/by/4.0/,"The Trustees of the Natural History Museum, London"
1056015793,StillImage,image/jpeg,https://data.nhm.ac.uk/media/255e10e6-6bcb-4ffd-9b83-569edaa950b9,,1908.5.29.81-2b; Arges retropinna; dorsal view; ACSI Project image,,,,2011-04-07T17:32:45Z,Mark Allen,,,http://creativecommons.org/licenses/by/4.0/,"The Trustees of the Natural History Museum, London"
1056015793,StillImage,image/jpeg,https://data.nhm.ac.uk/media/32c4d6c5-af56-41b2-bc44-5cb1952ee98c,,Zoology Accessions Register: Reptiles & Fishes: 1904 - 1925: page 173,,,,2003-08-20T10:47:13Z,,,,http://creativecommons.org/licenses/by/4.0/,"The Trustees of the Natural History Museum, London"
1056015793,StillImage,image/jpeg,https://data.nhm.ac.uk/media/d303dae7-cd7a-4f61-be98-4cdf4ce3418d,,1908.5.29.81-2b; Arges retropinna; lateral view; ACSI Project image,,,,2011-04-07T17:32:52Z,Mark Allen,,,http://creativecommons.org/licenses/by/4.0/,"The Trustees of the Natural History Museum, London"
1056015793,StillImage,image/jpeg,https://data.nhm.ac.uk/media/44a38950-e891-4c8b-b8b4-3d02e713a9df,,1908.5.29.81-2a; Arges retropinna; type; ACSI Project image,,,,2011-03-31T16:05:02Z,Mark Allen,,,http://creativecommons.org/licenses/by/4.0/,"The Trustees of the Natural History Museum, London"
1056015793,StillImage,image/jpeg,https://data.nhm.ac.uk/media/384a5236-293e-4af8-84f7-c15bf9f4cc45,,1908.5.29.81-2b; Arges retropinna; ventral view; ACSI Project image,,,,2011-04-07T17:32:59Z,Mark Allen,,,http://creativecommons.org/licenses/by/4.0/,"The Trustees of the Natural History Museum, London"
1056015793,StillImage,image/jpeg,https://data.nhm.ac.uk/media/8b085d80-dbdf-418e-a960-4fe575c15f08,,1908.5.29.81-2; Arges retropinna; image of jar label; ACSI project image,,,,2011-04-14T09:57:34Z,Mark Allen,,,http://creativecommons.org/licenses/by/4.0/,"The Trustees of the Natural History Museum, London"
1055974990,StillImage,image/jpeg,https://data.nhm.ac.uk/media/e1df5982-ed90-4080-ae45-28175fc3d675,,Zoology Accessions Register: Fishes: 1971 - 1985: page 185,,,,2003-08-20T10:49:40Z,,,,http://creativecommons.org/licenses/by/4.0/,"The Trustees of the Natural History Museum, London"
1055939092,StillImage,image/jpeg,https://data.nhm.ac.uk/media/613c83e9-491e-42f8-9d37-426cdcce43ba,,Zoology Accessions Register: Reptiles & Fishes: 1878 - 1892: page 90,,,,2003-08-20T10:48:30Z,,,,http://creativecommons.org/licenses/by/4.0/,"The Trustees of the Natural History Museum, London"
1055836651,StillImage,image/jpeg,https://data.nhm.ac.uk/media/0ae60793-f16d-4e70-b456-cda156574e04,,1892.5.14.1-8d; Arges eigenmanni; lateral view; ACSI Project image,,,,2011-04-07T16:24:16Z,Mark Allen,,,http://creativecommons.org/licenses/by/4.0/,"The Trustees of the Natural History Museum, London"
1055836651,StillImage,image/jpeg,https://data.nhm.ac.uk/media/f71fe410-0117-48ef-82c5-6af72e711b2d,,1892.5.14.1-8b; Arges eigenmanni; type; ACSI Project image,,,,2011-03-31T15:37:13Z,Mark Allen,,,http://creativecommons.org/licenses/by/4.0/,"The Trustees of the Natural History Museum, London"
1055836651,StillImage,image/jpeg,https://data.nhm.ac.uk/media/12487ec0-ba9d-4e08-aabf-99b1baf1860f,,1892.5.14.1-8a; Arges eigenmanni; dorsal view; ACSI Project image,,,,2011-04-07T16:23:20Z,Mark Allen,,,http://creativecommons.org/licenses/by/4.0/,"The Trustees of the Natural History Museum, London"
1055836651,StillImage,image/jpeg,https://data.nhm.ac.uk/media/c8bde1ff-d67c-40fe-977e-80eeef797108,,1892.5.14.1-8g; Arges eigenmanni; lateral view; ACSI Project image,,,,2011-04-07T16:25:24Z,Mark Allen,,,http://creativecommons.org/licenses/by/4.0/,"The Trustees of the Natural History Museum, London"
1055836651,StillImage,image/jpeg,https://data.nhm.ac.uk/media/51d61c64-b8dc-4a8d-b4db-1501cede4a2b,,1892.5.14.1-8; Arges eigenmanni; image of jar label; ACSI project image,,,,2011-04-14T09:37:11Z,Mark Allen,,,http://creativecommons.org/licenses/by/4.0/,"The Trustees of the Natural History Museum, London"
1055836651,StillImage,image/jpeg,https://data.nhm.ac.uk/media/91a09166-e450-452e-8902-2e4190fa6685,,1892.5.14.1-8c; Arges eigenmanni; lateral view; ACSI Project image,,,,2011-04-07T16:23:52Z,Mark Allen,,,http://creativecommons.org/licenses/by/4.0/,"The Trustees of the Natural History Museum, London"
1055836651,StillImage,image/jpeg,https://data.nhm.ac.uk/media/b24683d1-986b-4629-bf46-9c099e588594,,1892.5.14.1-8a; Arges eigenmanni; ventral view; ACSI Project image,,,,2011-04-07T16:23:35Z,Mark Allen,,,http://creativecommons.org/licenses/by/4.0/,"The Trustees of the Natural History Museum, London"
1055836651,StillImage,image/jpeg,https://data.nhm.ac.uk/media/8e252e8a-4a1f-46c6-8c20-dd3b0a8cbd8d,,1892.5.14.1-8f; Arges eigenmanni; dorsal view; ACSI Project image,,,,2011-04-07T16:24:54Z,Mark Allen,,,http://creativecommons.org/licenses/by/4.0/,"The Trustees of the Natural History Museum, London"
1055836651,StillImage,image/jpeg,https://data.nhm.ac.uk/media/fae7ccdc-1547-47b0-bd6f-b7c3be1432ca,,1892.5.14.1-8g; Arges eigenmanni; dorsal view; ACSI Project image,,,,2011-04-07T16:25:16Z,Mark Allen,,,http://creativecommons.org/licenses/by/4.0/,"The Trustees of the Natural History Museum, London"
1055836651,StillImage,image/jpeg,https://data.nhm.ac.uk/media/9065480d-5de5-4f63-a4c2-e2d499b9cfcb,,1892.5.14.1-8c; Arges eigenmanni; dorsal view; ACSI Project image,,,,2011-04-07T16:23:44Z,Mark Allen,,,http://creativecommons.org/licenses/by/4.0/,"The Trustees of the Natural History Museum, London"
1055836651,StillImage,image/jpeg,https://data.nhm.ac.uk/media/7c957349-5e7d-4c5c-a031-fef51fc106f1,,1892.5.14.1-8f; Arges eigenmanni; ventral view; ACSI Project image,,,,2011-04-07T16:25:09Z,Mark Allen,,,http://creativecommons.org/licenses/by/4.0/,"The Trustees of the Natural History Museum, London"
1055836651,StillImage,image/jpeg,https://data.nhm.ac.uk/media/d6e0b511-4d94-4a60-b2d2-89a9f2b89cca,,1892.5.14.1-8g; Arges eigenmanni; ventral view; ACSI Project image,,,,2011-04-07T16:25:32Z,Mark Allen,,,http://creativecommons.org/licenses/by/4.0/,"The Trustees of the Natural History Museum, London"
1055836651,StillImage,image/jpeg,https://data.nhm.ac.uk/media/fdff1560-5495-4aeb-9ad8-b8e9cb219d6e,,Zoology Accessions Register: Reptiles & Fishes: 1878 - 1892: page 407,,,,2003-08-20T10:48:56Z,,,,http://creativecommons.org/licenses/by/4.0/,"The Trustees of the Natural History Museum, London"
1055836651,StillImage,image/jpeg,https://data.nhm.ac.uk/media/d704ac2a-f815-4c2c-8b74-1cbaa1ecf727,,1892.5.14.1-8c; Arges eigenmanni; ventral view; ACSI Project image,,,,2011-04-07T16:23:59Z,Mark Allen,,,http://creativecommons.org/licenses/by/4.0/,"The Trustees of the Natural History Museum, London"
1055836651,StillImage,image/jpeg,https://data.nhm.ac.uk/media/1cd63c55-fa63-43d8-a7f4-2c3b032ce34a,,1892.5.14.1-8e; Arges eigenmanni; lateral view; ACSI Project image,,,,2011-04-07T16:24:39Z,Mark Allen,,,http://creativecommons.org/licenses/by/4.0/,"The Trustees of the Natural History Museum, London"
1055836651,StillImage,image/jpeg,https://data.nhm.ac.uk/media/91ed44c8-80bf-4af7-a302-f4fe7c494081,,1892.5.14.1-8a; Arges eigenmanni; lateral view; ACSI Project image,,,,2011-04-07T16:23:28Z,Mark Allen,,,http://creativecommons.org/licenses/by/4.0/,"The Trustees of the Natural History Museum, London"
1055836651,StillImage,image/jpeg,https://data.nhm.ac.uk/media/92243236-4134-42e3-a04f-de77d9a0ceab,,1892.5.14.1-8e; Arges eigenmanni; dorsal view; ACSI Project image,,,,2011-04-07T16:24:31Z,Mark Allen,,,http://creativecommons.org/licenses/by/4.0/,"The Trustees of the Natural History Museum, London"
1055836651,StillImage,image/jpeg,https://data.nhm.ac.uk/media/53a164ae-31ab-4d3a-a5d3-1f4e52a1f5b9,,1892.5.14.1-8d; Arges eigenmanni; dorsal view; ACSI Project image,,,,2011-04-07T16:24:08Z,Mark Allen,,,http://creativecommons.org/licenses/by/4.0/,"The Trustees of the Natural History Museum, London"
1055836651,StillImage,image/jpeg,https://data.nhm.ac.uk/media/f867e055-cfdc-4b6c-b83f-c0d2b0b40f26,,1892.5.14.1-8d; Arges eigenmanni; ventral view; ACSI Project image,,,,2011-04-07T16:24:23Z,Mark Allen,,,http://creativecommons.org/licenses/by/4.0/,"The Trustees of the Natural History Museum, London"
1055836651,StillImage,image/jpeg,https://data.nhm.ac.uk/media/bacc2600-1a89-4117-aa85-032c215a6a3e,,1892.5.14.1-8e; Arges eigenmanni; ventral view; ACSI Project image,,,,2011-04-07T16:24:47Z,Mark Allen,,,http://creativecommons.org/licenses/by/4.0/,"The Trustees of the Natural History Museum, London"
1055836651,StillImage,image/jpeg,https://data.nhm.ac.uk/media/4385fcc1-ee4b-4f64-bb55-d3c8e1b8c6b8,,1892.5.14.1-8f; Arges eigenmanni; lateral view; ACSI Project image,,,,2011-04-07T16:25:02Z,Mark Allen,,,http://creativecommons.org/licenses/by/4.0/,"The Trustees of the Natural History Museum, London"
1055719802,StillImage,image/jpeg,https://data.nhm.ac.uk/media/345b913c-3d68-4bb3-9f4f-f46c358b1e2b,,1887.1.7.2; Arges fissidens; image of jar label; ACSI project image,,,,2011-04-14T09:34:10Z,Mark Allen,,,http://creativecommons.org/licenses/by/4.0/,"The Trustees of the Natural History Museum, London"
1055719802,StillImage,image/jpeg,https://data.nhm.ac.uk/media/5975972a-56aa-4ba7-b129-0b8659dda8a7,,Zoology Accessions Register: Reptiles & Fishes: 1878 - 1892: page 209,,,,2003-08-20T10:48:39Z,,,,http://creativecommons.org/licenses/by/4.0/,"The Trustees of the Natural History Museum, London"
1055719802,StillImage,image/jpeg,https://data.nhm.ac.uk/media/eaf04a87-3be6-403f-aef5-1ac71bc83d76,,1887.1.7.2; Arges fissidens; type; ACSI Project image,,,,2011-03-31T15:28:55Z,Mark Allen,,,http://creativecommons.org/licenses/by/4.0/,"The Trustees of the Natural History Museum, London"
1055629988,StillImage,image/jpeg,https://data.nhm.ac.uk/media/6feb354d-4add-427b-8f39-10f3ae1cd37c,,Zoology Accessions Register: Fishes: 1912 - 1936: page 60,,,,2003-08-20T10:50:17Z,,,,http://creativecommons.org/licenses/by/4.0/,"The Trustees of the Natural History Museum, London"
1055629943,StillImage,image/jpeg,https://data.nhm.ac.uk/media/6feb354d-4add-427b-8f39-10f3ae1cd37c,,Zoology Accessions Register: Fishes: 1912 - 1936: page 60,,,,2003-08-20T10:50:17Z,,,,http://creativecommons.org/licenses/by/4.0/,"The Trustees of the Natural History Museum, London"
1055579337,StillImage,image/jpeg,https://data.nhm.ac.uk/media/8126cf39-dfe8-4ddb-a448-daf296b9b951,,1903.6.30.81-9f; Arges orientalis; ventral view; ACSI Project image,,,,2011-04-07T16:56:43Z,Mark Allen,,,http://creativecommons.org/licenses/by/4.0/,"The Trustees of the Natural History Museum, London"
1055579337,StillImage,image/jpeg,https://data.nhm.ac.uk/media/c5716bf2-f1d8-4af3-b1c0-787f5938e246,,1903.6.30.81-9e; Arges orientalis; lateral view; ACSI Project image,,,,2011-04-07T16:56:09Z,Mark Allen,,,http://creativecommons.org/licenses/by/4.0/,"The Trustees of the Natural History Museum, London"
1055579337,StillImage,image/jpeg,https://data.nhm.ac.uk/media/bcfd3b0b-47c0-463f-8378-1ace19c1e543,,1903.6.30.81-9h; Arges orientalis; ventral view; ACSI Project image,,,,2011-04-07T16:57:26Z,Mark Allen,,,http://creativecommons.org/licenses/by/4.0/,"The Trustees of the Natural History Museum, London"
1055579337,StillImage,image/jpeg,https://data.nhm.ac.uk/media/b4d310b5-3908-4269-af9f-228771e4e7ba,,1903.6.30.81-9d; Arges orientalis; lateral view; ACSI Project image,,,,2011-04-07T16:55:49Z,Mark Allen,,,http://creativecommons.org/licenses/by/4.0/,"The Trustees of the Natural History Museum, London"
1055579337,StillImage,image/jpeg,https://data.nhm.ac.uk/media/20994ef1-dd22-4aa7-8919-f6fb87ceced2,,1903.6.30.81-9e; Arges orientalis; ventral view; ACSI Project image,,,,2011-04-07T16:56:17Z,Mark Allen,,,http://creativecommons.org/licenses/by/4.0/,"The Trustees of the Natural History Museum, London"
1055579337,StillImage,image/jpeg,https://data.nhm.ac.uk/media/af0529fb-e5cd-4a9b-92c3-1a688f0d52bf,,1903.6.30.81-9b; Arges orientalis; type; ACSI Project image,,,,2011-03-31T15:54:08Z,Mark Allen,,,http://creativecommons.org/licenses/by/4.0/,"The Trustees of the Natural History Museum, London"
1055579337,StillImage,image/jpeg,https://data.nhm.ac.uk/media/3996fcc1-2943-4752-a714-8df9fab82baf,,1903.6.30.81-9d; Arges orientalis; dorsal view; ACSI Project image,,,,2011-04-07T16:55:42Z,Mark Allen,,,http://creativecommons.org/licenses/by/4.0/,"The Trustees of the Natural History Museum, London"
1055579337,StillImage,image/jpeg,https://data.nhm.ac.uk/media/3d95b035-8819-4dd7-b2b6-97c58a7fd660,,1903.6.30.81-9a; Arges orientalis; ventral view; ACSI Project image,,,,2011-04-07T16:55:14Z,Mark Allen,,,http://creativecommons.org/licenses/by/4.0/,"The Trustees of the Natural History Museum, London"
1055579337,StillImage,image/jpeg,https://data.nhm.ac.uk/media/13309534-064c-4d07-88bb-c160bf88f440,,1903.6.30.81-9a; Arges orientalis; dorsal view; ACSI Project image,,,,2011-04-07T16:55:00Z,Mark Allen,,,http://creativecommons.org/licenses/by/4.0/,"The Trustees of the Natural History Museum, London"
1055579337,StillImage,image/jpeg,https://data.nhm.ac.uk/media/7006ab0f-00ee-4bd4-983d-ef42330dd18b,,1903.6.30.81-9f; Arges orientalis; dorsal view; ACSI Project image,,,,2011-04-07T16:56:28Z,Mark Allen,,,http://creativecommons.org/licenses/by/4.0/,"The Trustees of the Natural History Museum, London"
1055579337,StillImage,image/jpeg,https://data.nhm.ac.uk/media/f672ee15-9516-4d77-8f7e-501ea7f6c1de,,1903.6.30.81-9e; Arges orientalis; dorsal view; ACSI Project image,,,,2011-04-07T16:56:03Z,Mark Allen,,,http://creativecommons.org/licenses/by/4.0/,"The Trustees of the Natural History Museum, London"
1055579337,StillImage,image/jpeg,https://data.nhm.ac.uk/media/4b97835b-7b18-4b50-914e-bca41c18f409,,1903.6.30.81-9h; Arges orientalis; lateral view; ACSI Project image,,,,2011-04-07T16:57:19Z,Mark Allen,,,http://creativecommons.org/licenses/by/4.0/,"The Trustees of the Natural History Museum, London"
1055579337,StillImage,image/jpeg,https://data.nhm.ac.uk/media/6804f334-0edf-4d00-85dd-7cb043b0505d,,Zoology Accessions Register: Reptiles & Fishes: 1893 - 1903: page 366,,,,2003-08-20T10:48:23Z,,,,http://creativecommons.org/licenses/by/4.0/,"The Trustees of the Natural History Museum, London"
1055579337,StillImage,image/jpeg,https://data.nhm.ac.uk/media/cefa3607-ef3c-4214-a1a3-d6caea3cf6df,,1903.6.30.81-9f; Arges orientalis; lateral view; ACSI Project image,,,,2011-04-07T16:56:35Z,Mark Allen,,,http://creativecommons.org/licenses/by/4.0/,"The Trustees of the Natural History Museum, London"
1055579337,StillImage,image/jpeg,https://data.nhm.ac.uk/media/4144ffd4-15a8-4822-99b6-d2b957d7c6f2,,1903.6.30.81-9a; Arges orientalis; lateral view; ACSI Project image,,,,2011-04-07T16:55:07Z,Mark Allen,,,http://creativecommons.org/licenses/by/4.0/,"The Trustees of the Natural History Museum, London"
1055579337,StillImage,image/jpeg,https://data.nhm.ac.uk/media/ba09153f-f57c-4511-8a48-b1179e860951,,1903.6.30.81-9d; Arges orientalis; ventral view; ACSI Project image,,,,2011-04-07T16:55:56Z,Mark Allen,,,http://creativecommons.org/licenses/by/4.0/,"The Trustees of the Natural History Museum, London"
1055579337,StillImage,image/jpeg,https://data.nhm.ac.uk/media/7be39ee2-82b9-4483-b047-ca786704ad39,,1903.6.30.81-9; Arges orientalis; image of jar label; ACSI project image,,,,2011-04-14T09:49:31Z,Mark Allen,,,http://creativecommons.org/licenses/by/4.0/,"The Trustees of the Natural History Museum, London"
1055579337,StillImage,image/jpeg,https://data.nhm.ac.uk/media/2a45da84-430e-466f-9cf7-03b068e13000,,1903.6.30.81-9g; Arges orientalis; ventral view; ACSI Project image,,,,2011-04-07T16:57:04Z,Mark Allen,,,http://creativecommons.org/licenses/by/4.0/,"The Trustees of the Natural History Museum, London"
1055579337,StillImage,image/jpeg,https://data.nhm.ac.uk/media/e3b1464f-970a-4549-9057-75ca8b060ed2,,1903.6.30.81-9c; Arges orientalis; ventral view; ACSI Project image,,,,2011-04-07T16:55:34Z,Mark Allen,,,http://creativecommons.org/licenses/by/4.0/,"The Trustees of the Natural History Museum, London"
1055579337,StillImage,image/jpeg,https://data.nhm.ac.uk/media/620eda04-262c-4383-8017-eb07eecb71e5,,1903.6.30.81-9c; Arges orientalis; lateral view; ACSI Project image,,,,2011-04-07T16:55:28Z,Mark Allen,,,http://creativecommons.org/licenses/by/4.0/,"The Trustees of the Natural History Museum, London"
1055579337,StillImage,image/jpeg,https://data.nhm.ac.uk/media/0b98d20e-c1fe-44ca-b739-7eb4acab52c1,,1903.6.30.81-9h; Arges orientalis; dorsal view; ACSI Project image,,,,2011-04-07T16:57:12Z,Mark Allen,,,http://creativecommons.org/licenses/by/4.0/,"The Trustees of the Natural History Museum, London"
1055579337,StillImage,image/jpeg,https://data.nhm.ac.uk/media/c08bebe6-770e-4a51-ba79-ebdea04b4ab6,,1903.6.30.81-9c; Arges orientalis; dorsal view; ACSI Project image,,,,2011-04-07T16:55:21Z,Mark Allen,,,http://creativecommons.org/licenses/by/4.0/,"The Trustees of the Natural History Museum, London"
1055579337,StillImage,image/jpeg,https://data.nhm.ac.uk/media/ee34693e-9034-4738-8e51-39cbbe9e6979,,1903.6.30.81-9g; Arges orientalis; lateral view; ACSI Project image,,,,2011-04-07T16:56:57Z,Mark Allen,,,http://creativecommons.org/licenses/by/4.0/,"The Trustees of the Natural History Museum, London"
1055579337,StillImage,image/jpeg,https://data.nhm.ac.uk/media/848c1d07-41b1-4145-b9d2-602505aa5517,,1903.6.30.81-9g; Arges orientalis; dorsal view; ACSI Project image,,,,2011-04-07T16:56:50Z,Mark Allen,,,http://creativecommons.org/licenses/by/4.0/,"The Trustees of the Natural History Museum, London"
1055567622,StillImage,image/jpeg,https://data.nhm.ac.uk/media/806319ad-58e7-4a72-a0ba-fa7a27f5a4a5,,Zoology Accessions Register: Reptiles & Fishes: 1864 - 1877: page 411,,,,2003-08-20T10:49:23Z,,,,http://creativecommons.org/licenses/by/4.0/,"The Trustees of the Natural History Museum, London"
1055549600,StillImage,image/jpeg,https://data.nhm.ac.uk/media/6feb354d-4add-427b-8f39-10f3ae1cd37c,,Zoology Accessions Register: Fishes: 1912 - 1936: page 60,,,,2003-08-20T10:50:17Z,,,,http://creativecommons.org/licenses/by/4.0/,"The Trustees of the Natural History Museum, London"
1055469127,StillImage,image/jpeg,https://data.nhm.ac.uk/media/b53977dd-b6da-4878-b419-3ca02647adc3,,Zoology Accessions Register: Reptiles & Fishes: 1878 - 1892: page 79,,,,2003-08-20T10:48:30Z,,,,http://creativecommons.org/licenses/by/4.0/,"The Trustees of the Natural History Museum, London"
1055449403,StillImage,image/jpeg,https://data.nhm.ac.uk/media/91fdfd91-f493-4692-9bf3-3de0d355fd16,,Zoology Accessions Register: Reptiles & Fishes: 1904 - 1925: page 231,,,,2003-08-20T10:47:18Z,,,,http://creativecommons.org/licenses/by/4.0/,"The Trustees of the Natural History Museum, London"
1055449403,StillImage,image/jpeg,https://data.nhm.ac.uk/media/4f89ab8a-969a-4975-a5ec-aa1da3e91003,,Zoology Accessions Register: Reptiles & Fishes: 1904 - 1925: page 230,,,,2003-08-20T10:47:18Z,,,,http://creativecommons.org/licenses/by/4.0/,"The Trustees of the Natural History Museum, London"
1055403775,StillImage,image/jpeg,https://data.nhm.ac.uk/media/eec7cddc-2237-4ae3-90ca-366c2ad95a7a,,1916.8.1.1; Cyclopium mindoense; type; ACSI Project image,,,,2011-03-31T14:46:52Z,Mark Allen,,,http://creativecommons.org/licenses/by/4.0/,"The Trustees of the Natural History Museum, London"
1055403775,StillImage,image/jpeg,https://data.nhm.ac.uk/media/6feb354d-4add-427b-8f39-10f3ae1cd37c,,Zoology Accessions Register: Fishes: 1912 - 1936: page 60,,,,2003-08-20T10:50:17Z,,,,http://creativecommons.org/licenses/by/4.0/,"The Trustees of the Natural History Museum, London"
1055403775,StillImage,image/jpeg,https://data.nhm.ac.uk/media/c98e9209-09af-4c82-97f5-f53e720b853a,,1916.8.1.1; Cyclopium mindoense; image of jar label; ACSI project image,,,,2011-04-14T10:04:00Z,Mark Allen,,,http://creativecommons.org/licenses/by/4.0/,"The Trustees of the Natural History Museum, London"
1055392880,StillImage,image/jpeg,https://data.nhm.ac.uk/media/6feb354d-4add-427b-8f39-10f3ae1cd37c,,Zoology Accessions Register: Fishes: 1912 - 1936: page 60,,,,2003-08-20T10:50:17Z,,,,http://creativecommons.org/licenses/by/4.0/,"The Trustees of the Natural History Museum, London"
1055379515,StillImage,image/jpeg,https://data.nhm.ac.uk/media/11c7fcd9-5dc0-4e4b-9062-23cdb2881f5e,,1858.7.25-37-40b; Arges brachycephalus; lateral view; ACSI Project image,,,,2011-04-07T15:31:20Z,Mark Allen,,,http://creativecommons.org/licenses/by/4.0/,"The Trustees of the Natural History Museum, London"
1055379515,StillImage,image/jpeg,https://data.nhm.ac.uk/media/d6cdbbb2-7e47-439b-8188-74210dde905d,,1858.7.25-37-40a; Arges brachycephalus; lateral view; ACSI Project image,,,,2011-04-07T15:30:59Z,Mark Allen,,,http://creativecommons.org/licenses/by/4.0/,"The Trustees of the Natural History Museum, London"
1055379515,StillImage,image/jpeg,https://data.nhm.ac.uk/media/d986da60-6ced-4078-8ec1-817e18cad544,,1858.7.25-37-40b; Arges brachycephalus; dorsal view; ACSI Project image,,,,2011-04-07T15:31:13Z,Mark Allen,,,http://creativecommons.org/licenses/by/4.0/,"The Trustees of the Natural History Museum, London"
1055379515,StillImage,image/jpeg,https://data.nhm.ac.uk/media/256f3acf-5f7a-4ba9-884d-0559700973b1,,1858.7.25-37-40b; Arges brachycephalus; ventral view; ACSI Project image,,,,2011-04-07T15:31:27Z,Mark Allen,,,http://creativecommons.org/licenses/by/4.0/,"The Trustees of the Natural History Museum, London"
1055379515,StillImage,image/jpeg,https://data.nhm.ac.uk/media/4bfecfbc-17d6-4168-a8e4-267ed6110e99,,1858.7.25-37-40a; Arges brachycephalus; dorsal view; ACSI Project image,,,,2011-04-07T15:30:52Z,Mark Allen,,,http://creativecommons.org/licenses/by/4.0/,"The Trustees of the Natural History Museum, London"
1055379515,StillImage,image/jpeg,https://data.nhm.ac.uk/media/d281c61d-197e-492c-9871-635050f344a4,,1858.7.25-37-40c; Arges brachycephalus; lateral view; ACSI Project image,,,,2011-04-07T15:31:43Z,Mark Allen,,,http://creativecommons.org/licenses/by/4.0/,"The Trustees of the Natural History Museum, London"
1055379515,StillImage,image/jpeg,https://data.nhm.ac.uk/media/037ef393-a6fe-4865-a35a-0f6855184c62,,1858.7.25-37-40; Arges brachycephalus; image of jar label; ACSI project image,,,,2011-04-14T09:15:50Z,Mark Allen,,,http://creativecommons.org/licenses/by/4.0/,"The Trustees of the Natural History Museum, London"
1055379515,StillImage,image/jpeg,https://data.nhm.ac.uk/media/c46f8e34-6118-4dca-a81f-96c9d9bfe3cf,,1858.7.25-37-40d; Arges brachycephalus; type; ACSI Project image,,,,2011-03-31T15:06:24Z,Mark Allen,,,http://creativecommons.org/licenses/by/4.0/,"The Trustees of the Natural History Museum, London"
1055379515,StillImage,image/jpeg,https://data.nhm.ac.uk/media/bff491db-90b5-444f-abc4-2818842be0ba,,1858.7.25-37-40c; Arges brachycephalus; dorsal view; ACSI Project image,,,,2011-04-07T15:31:34Z,Mark Allen,,,http://creativecommons.org/licenses/by/4.0/,"The Trustees of the Natural History Museum, London"
1055379515,StillImage,image/jpeg,https://data.nhm.ac.uk/media/d722612e-32a5-4b14-9844-b4f06cc81ecb,,1858.7.25-37-40c; Arges brachycephalus; ventral view; ACSI Project image,,,,2011-04-07T15:31:49Z,Mark Allen,,,http://creativecommons.org/licenses/by/4.0/,"The Trustees of the Natural History Museum, London"
1055379515,StillImage,image/jpeg,https://data.nhm.ac.uk/media/444b0607-1c3c-4de7-853d-bc51ba9d0bd5,,Zoology Accessions Register: Mammals: 1854 - 1861: page 211,,,,2003-08-20T10:52:28Z,,,,http://creativecommons.org/licenses/by/4.0/,"The Trustees of the Natural History Museum, London"
1055379515,StillImage,image/jpeg,https://data.nhm.ac.uk/media/61a60a36-82e0-456e-8120-ed46283c01c1,,1858.7.25-37-40a; Arges brachycephalus; ventral view; ACSI Project image,,,,2011-04-07T15:31:06Z,Mark Allen,,,http://creativecommons.org/licenses/by/4.0/,"The Trustees of the Natural History Museum, London"
